pdb.id,rank,type
1ao7,13.3866133866134,homology model
1bd2,43.7562437562438,homology model
1fo0,35.6643356643357,homology model
1kj2,73.2267732267732,homology model
1lp9,77.5224775224775,homology model
1mi5,19.3806193806194,homology model
1nam,93.4065934065934,homology model
2esv,39.96003996004,homology model
3dxa,69.3306693306693,homology model
3kpr,80.01998001998,homology model
3pqy,34.8651348651349,homology model
3pwp,23.4765234765235,homology model
3sjv,41.6583416583417,homology model
4ftv,5.1948051948052,homology model
5d2l,32.3676323676324,homology model
5e6i,3.2967032967033,homology model
5isz,22.6773226773227,homology model
5ivx,76.023976023976,homology model
5jzi,77.6223776223776,homology model
5m00,22.0779220779221,homology model
5nht,0.3996003996004,homology model
5nme,91.3086913086913,homology model
5sws,31.0689310689311,homology model
5swz,36.8631368631369,homology model
5tez,49.3506493506494,homology model
5w1v,41.6583416583417,homology model
5wkf,29.8701298701299,homology model
5wlg,0.3996003996004,homology model
5xot,14.1858141858142,homology model
6bj2,8.59140859140859,homology model
6l9l,12.2877122877123,homology model
6mtm,4.1958041958042,homology model
6p64,0.4995004995005,homology model
6r2l,0.4995004995005,homology model
6rp9,29.3706293706294,homology model
6rpb,83.7162837162837,homology model
6rsy,22.6773226773227,homology model
6tro,20.3796203796204,homology model
6ulr,46.2537462537463,homology model
6uon,19.7802197802198,homology model
6vm7,14.985014985015,homology model
6vma,40.0599400599401,homology model
6vmx,23.8761238761239,homology model
6vqo,3.996003996004,homology model
6vrm,88.6113886113886,homology model
7jwj,10.3896103896104,homology model
7n1f,6.39360639360639,homology model
7n6e,62.5374625374625,homology model
1ao7,12.7872127872128,crystal
1bd2,61.6383616383616,crystal
1fo0,36.4635364635365,crystal
1kj2,77.9220779220779,crystal
1lp9,57.9420579420579,crystal
1mi5,13.4865134865135,crystal
1nam,14.2857142857143,crystal
2esv,33.8661338661339,crystal
3dxa,15.984015984016,crystal
3kpr,21.7782217782218,crystal
3pqy,34.965034965035,crystal
3pwp,8.99100899100899,crystal
3sjv,72.9270729270729,crystal
4ftv,15.1848151848152,crystal
5d2l,9.69030969030969,crystal
5e6i,3.1968031968032,crystal
5isz,0.599400599400599,crystal
5ivx,35.0649350649351,crystal
5jzi,70.4295704295704,crystal
5m00,47.0529470529471,crystal
5nht,0.0999000999000999,crystal
5nme,79.4205794205794,crystal
5sws,0.0999000999000999,crystal
5swz,0.1998001998002,crystal
5tez,20.3796203796204,crystal
5w1v,27.8721278721279,crystal
5wkf,32.967032967033,crystal
5wlg,0.2997002997003,crystal
5xot,56.5434565434565,crystal
6bj2,12.0879120879121,crystal
6l9l,9.59040959040959,crystal
6mtm,57.3426573426574,crystal
6p64,8.19180819180819,crystal
6r2l,5.99400599400599,crystal
6rp9,7.69230769230769,crystal
6rpb,55.5444555444555,crystal
6rsy,39.96003996004,crystal
6tro,32.8671328671329,crystal
6ulr,11.7882117882118,crystal
6uon,23.8761238761239,crystal
6vm7,30.969030969031,crystal
6vma,75.9240759240759,crystal
6vmx,0.599400599400599,crystal
6vqo,3.8961038961039,crystal
6vrm,71.9280719280719,crystal
7jwj,70.5294705294705,crystal
7n1f,18.3816183816184,crystal
7n6e,61.2387612387613,crystal
