peptide,HLA,pep.len,TCRen.LOO.s,real
KQWLVWLFL,A0206,9,-3.34622233680506,TRUE
QLYRVLQCA,A0206,9,-2.12926329845369,FALSE
SYGRVLFAV,A0206,9,-1.6274687680918,FALSE
QSAGPGRPL,C0303,9,-1.27424100580672,FALSE
TPEEGGQAL,B3501,9,-1.22212602501642,FALSE
CSYGRVLFAV,A0206,10,-0.981242645614176,FALSE
TVLLSATIF,B3501,9,-0.967099520248587,FALSE
AVAGEGRAL,C0303,9,-0.930200749416903,FALSE
LQLYRVLQCA,A0206,10,-0.841595527124353,FALSE
FAVYRMKSAE,C0303,10,-0.831007557316403,FALSE
VASGENMTL,C0303,9,-0.79776941925691,FALSE
VVLPPETRPI,A0206,10,-0.704134375404992,FALSE
FPFIAISCS,B3501,9,-0.69488282251602,FALSE
LTNWRFTRGV,A0206,10,-0.521096169704087,FALSE
WPPPPATTPF,B3501,10,-0.489481946208465,FALSE
GQARQSRPV,A0206,9,-0.454143904060499,FALSE
LLVALLDGGL,A0206,10,-0.419837555860971,FALSE
LTGLPHAPAL,C0303,10,-0.348740750710779,FALSE
FPYSRRKFPA,B3501,10,-0.327896146324299,FALSE
LVWLLLGPM,B3501,9,-0.186699154161862,FALSE
CSCGQVLFAV,A0206,10,-0.128479161344256,FALSE
WLVWLFLGHM,A0206,10,0.109682456334791,FALSE
FLGHMVVSQM,C0303,10,0.115558062240175,FALSE
WLVWLLLGPM,A0206,10,0.121343524337676,FALSE
IMLLTNWRF,B5801,9,0.162901615783493,FALSE
VALLDGGLPA,A0206,10,0.276707935426965,FALSE
LVWLLLGPMV,A0206,10,0.362801086650401,FALSE
PPPPATTPF,B3501,9,0.455999231316582,FALSE
HVSDMSVVL,B3501,9,0.486368455988097,FALSE
GQALAEFAAL,A0206,10,0.488933891519033,FALSE
FAVYRMKSA,C0303,9,0.56893159597134,FALSE
TPWPPPPAT,B3501,9,0.605188747245279,FALSE
APTAVGPPL,B3501,9,0.616246636978338,FALSE
GQVLFAVYRM,A0206,10,0.622550636431476,FALSE
LVWLFLGHMV,A0206,10,0.625381729994762,FALSE
ISCSYGRVL,C0303,9,0.645059238453508,FALSE
FRLLHPHHPL,C0303,10,0.773711949253261,FALSE
LLSATIFLV,A0206,9,0.790717549965868,FALSE
WLLLGPMVV,A0206,9,0.853013221155777,FALSE
AAPTAVGPPL,C0303,10,0.921566913433449,FALSE
WLFLGHMVV,A0206,9,0.922170218216632,FALSE
TWVYEGTVL,C0303,9,1.01360776307782,FALSE
RVLQCANLL,A0206,9,1.08429652329312,FALSE
YRVLQCANL,C0303,9,1.24389711956603,FALSE
TGLPHAPAL,C0303,9,1.39139602675956,FALSE
RLLHPHHPL,A0206,9,1.39872499533983,FALSE
YIMLLTNWRF,A0206,10,1.48021222987155,FALSE
ALDAPLFGI,A0206,9,1.48898003528843,FALSE
VLLSATIFLV,A0206,10,1.49062557899887,FALSE
TVLLSATIFL,A0206,10,1.53023444664338,FALSE
THVSDMSVVL,C0303,10,1.54750008363231,FALSE
FSLSTIHLRL,A0206,10,1.634362917801,FALSE
LPVTDTSSVS,B3501,10,1.63831871483395,FALSE
VQSAGPGRPL,C0303,10,1.66641225928638,FALSE
FPFIAISCSY,B3501,10,1.66827273080918,FALSE
RGARAPAAW,B5801,9,1.67160744758313,FALSE
APALDAPLF,B3501,9,1.88744701016455,FALSE
GAVAGEGRAL,C0303,10,2.15022356267001,FALSE
VPCVCAVRY,B3501,9,2.26049720832708,FALSE
VASGENMTLL,C0303,10,2.31032622433717,FALSE
ALLDGGLPA,A0206,9,2.3245443623787,FALSE
FPFIGISCSC,B3501,10,2.42043589256197,FALSE
WVYEGTVLL,A0206,9,2.56497916544925,FALSE
YSRRKFPAW,B5801,9,2.60817282706544,FALSE
HAPALDAPL,B3501,9,2.62864385462952,FALSE
IAISCSYGQV,A0206,10,2.72701615973449,FALSE
LPVTDTSSV,B3501,9,2.74682965241653,FALSE
ISCSCGQVL,C0303,9,2.77258859956244,FALSE
YRVLQCANLL,C0303,10,3.10558013868513,FALSE
YKYEECKDVI,C0303,10,3.54342448084513,FALSE
GQALAEFAA,A0206,9,3.74253075945796,FALSE
LLDGGLPAG,A0206,9,4.63574820715456,FALSE
RVLFAVYHM,A0206,9,4.6931417626397,FALSE
SEDSGNFSV,A0206,9,4.78027644726431,FALSE
TVASGENMTL,C0303,10,4.84047902861629,FALSE
VLLSATIFL,A0206,9,5.05975483859216,FALSE
FISGRFPYS,A0206,9,5.37213265209274,FALSE
FLVFPFIAI,A0206,9,5.74700287503523,FALSE
AISCSYGQV,A0206,9,6.28344005811056,FALSE
