pdb.id,peptide,potential,value.s,rank
302TIL_A0206_10_TCR-pMHC.pdb,CSYGRVLFAV,TCRen,-0.993178792253387,0.0285714285714286
302TIL_A0206_10_TCR-pMHC.pdb,LQLYRVLQCA,TCRen,-0.788054752752423,0.0571428571428571
302TIL_A0206_10_TCR-pMHC.pdb,FAVYRMKSAE,TCRen,-0.7346865333538,0.0857142857142857
302TIL_A0206_10_TCR-pMHC.pdb,LTNWRFTRGV,TCRen,-0.694440324765719,0.114285714285714
302TIL_A0206_10_TCR-pMHC.pdb,LLVALLDGGL,TCRen,-0.681684791178428,0.142857142857143
302TIL_A0206_10_TCR-pMHC.pdb,LTGLPHAPAL,TCRen,-0.655518291125044,0.171428571428571
302TIL_A0206_10_TCR-pMHC.pdb,VVLPPETRPI,TCRen,-0.582479214474582,0.2
302TIL_A0206_10_TCR-pMHC.pdb,WLVWLLLGPM,TCRen,-0.410848100480939,0.228571428571429
302TIL_A0206_10_TCR-pMHC.pdb,WLVWLFLGHM,TCRen,-0.347021252653542,0.257142857142857
302TIL_A0206_10_TCR-pMHC.pdb,CSCGQVLFAV,TCRen,-0.140415307983467,0.285714285714286
302TIL_A0206_10_TCR-pMHC.pdb,LVWLLLGPMV,TCRen,-0.0967160495144467,0.314285714285714
302TIL_A0206_10_TCR-pMHC.pdb,FPYSRRKFPA,TCRen,0.106027362073112,0.342857142857143
302TIL_A0206_10_TCR-pMHC.pdb,VALLDGGLPA,TCRen,0.159773433079965,0.371428571428571
302TIL_A0206_10_TCR-pMHC.pdb,WPPPPATTPF,TCRen,0.384364639647724,0.4
302TIL_A0206_10_TCR-pMHC.pdb,GQALAEFAAL,TCRen,0.412919151602052,0.428571428571429
302TIL_A0206_10_TCR-pMHC.pdb,FLGHMVVSQM,TCRen,0.459462018512887,0.457142857142857
302TIL_A0206_10_TCR-pMHC.pdb,FRLLHPHHPL,TCRen,0.459588866278514,0.485714285714286
302TIL_A0206_10_TCR-pMHC.pdb,LVWLFLGHMV,TCRen,0.467226742795141,0.514285714285714
302TIL_A0206_10_TCR-pMHC.pdb,THVSDMSVVL,TCRen,0.489600807870416,0.542857142857143
302TIL_A0206_10_TCR-pMHC.pdb,GQVLFAVYRM,TCRen,0.564538491553022,0.571428571428571
302TIL_A0206_10_TCR-pMHC.pdb,VQSAGPGRPL,TCRen,0.658580675942741,0.6
302TIL_A0206_10_TCR-pMHC.pdb,GAVAGEGRAL,TCRen,0.684970748350263,0.628571428571429
302TIL_A0206_10_TCR-pMHC.pdb,YIMLLTNWRF,TCRen,0.882671983382434,0.657142857142857
302TIL_A0206_10_TCR-pMHC.pdb,TVASGENMTL,TCRen,1.13512187299291,0.685714285714286
302TIL_A0206_10_TCR-pMHC.pdb,AAPTAVGPPL,TCRen,1.16750902799684,0.714285714285714
302TIL_A0206_10_TCR-pMHC.pdb,FPFIAISCSY,TCRen,1.4235475289143,0.742857142857143
302TIL_A0206_10_TCR-pMHC.pdb,TVLLSATIFL,TCRen,1.4542197067264,0.771428571428571
302TIL_A0206_10_TCR-pMHC.pdb,VLLSATIFLV,TCRen,1.54680381891814,0.8
302TIL_A0206_10_TCR-pMHC.pdb,FSLSTIHLRL,TCRen,1.71509831630139,0.828571428571429
302TIL_A0206_10_TCR-pMHC.pdb,FPFIGISCSC,TCRen,1.8944927648352,0.857142857142857
302TIL_A0206_10_TCR-pMHC.pdb,VASGENMTLL,TCRen,2.05034600522354,0.885714285714286
302TIL_A0206_10_TCR-pMHC.pdb,YRVLQCANLL,TCRen,2.18621851047969,0.914285714285714
302TIL_A0206_10_TCR-pMHC.pdb,LPVTDTSSVS,TCRen,2.21160192114075,0.942857142857143
302TIL_A0206_10_TCR-pMHC.pdb,IAISCSYGQV,TCRen,2.8486713206649,0.971428571428571
302TIL_A0206_10_TCR-pMHC.pdb,YKYEECKDVI,TCRen,4.0233852359618,1
302TIL_A0206_9_TCR-pMHC.pdb,KQWLVWLFL,TCRen,-4.25485109761349,0.0227272727272727
302TIL_A0206_9_TCR-pMHC.pdb,QLYRVLQCA,TCRen,-2.19624552711416,0.0454545454545455
302TIL_A0206_9_TCR-pMHC.pdb,SYGRVLFAV,TCRen,-1.58957715209822,0.0681818181818182
302TIL_A0206_9_TCR-pMHC.pdb,TWVYEGTVL,TCRen,-0.727732378397966,0.0909090909090909
302TIL_A0206_9_TCR-pMHC.pdb,GQARQSRPV,TCRen,-0.291705168921423,0.113636363636364
302TIL_A0206_9_TCR-pMHC.pdb,LVWLLLGPM,TCRen,-0.105909765959755,0.136363636363636
302TIL_A0206_9_TCR-pMHC.pdb,APTAVGPPL,TCRen,0.0129163666965798,0.159090909090909
302TIL_A0206_9_TCR-pMHC.pdb,WLLLGPMVV,TCRen,0.530985528898673,0.181818181818182
302TIL_A0206_9_TCR-pMHC.pdb,WLFLGHMVV,TCRen,0.731482943801734,0.204545454545455
302TIL_A0206_9_TCR-pMHC.pdb,LLSATIFLV,TCRen,0.756980807493456,0.227272727272727
302TIL_A0206_9_TCR-pMHC.pdb,FAVYRMKSA,TCRen,0.825062472944381,0.25
302TIL_A0206_9_TCR-pMHC.pdb,RVLQCANLL,TCRen,1.13850519038508,0.272727272727273
302TIL_A0206_9_TCR-pMHC.pdb,IMLLTNWRF,TCRen,1.19935710014226,0.295454545454545
302TIL_A0206_9_TCR-pMHC.pdb,LPVTDTSSV,TCRen,1.21303458465471,0.318181818181818
302TIL_A0206_9_TCR-pMHC.pdb,RLLHPHHPL,TCRen,1.35436176276205,0.340909090909091
302TIL_A0206_9_TCR-pMHC.pdb,ALDAPLFGI,TCRen,1.561504031311,0.363636363636364
302TIL_A0206_9_TCR-pMHC.pdb,HVSDMSVVL,TCRen,1.83319565527897,0.386363636363636
302TIL_A0206_9_TCR-pMHC.pdb,APALDAPLF,TCRen,1.88121513594,0.409090909090909
302TIL_A0206_9_TCR-pMHC.pdb,VASGENMTL,TCRen,1.99372584141297,0.431818181818182
302TIL_A0206_9_TCR-pMHC.pdb,AVAGEGRAL,TCRen,2.15346726680434,0.454545454545455
302TIL_A0206_9_TCR-pMHC.pdb,YRVLQCANL,TCRen,2.20757079275378,0.477272727272727
302TIL_A0206_9_TCR-pMHC.pdb,ALLDGGLPA,TCRen,2.30664770298908,0.5
302TIL_A0206_9_TCR-pMHC.pdb,TVLLSATIF,TCRen,2.40744145612406,0.522727272727273
302TIL_A0206_9_TCR-pMHC.pdb,ISCSYGRVL,TCRen,2.443785669805,0.545454545454545
302TIL_A0206_9_TCR-pMHC.pdb,QSAGPGRPL,TCRen,2.47183566960939,0.568181818181818
302TIL_A0206_9_TCR-pMHC.pdb,HAPALDAPL,TCRen,2.53457553675807,0.590909090909091
302TIL_A0206_9_TCR-pMHC.pdb,WVYEGTVLL,TCRen,2.75589435648187,0.613636363636364
302TIL_A0206_9_TCR-pMHC.pdb,ISCSCGQVL,TCRen,3.47523449839897,0.636363636363636
302TIL_A0206_9_TCR-pMHC.pdb,GQALAEFAA,TCRen,3.59908153717201,0.659090909090909
302TIL_A0206_9_TCR-pMHC.pdb,PPPPATTPF,TCRen,3.65825255085851,0.681818181818182
302TIL_A0206_9_TCR-pMHC.pdb,RGARAPAAW,TCRen,3.75751844390171,0.704545454545455
302TIL_A0206_9_TCR-pMHC.pdb,TGLPHAPAL,TCRen,3.77882392373072,0.727272727272727
302TIL_A0206_9_TCR-pMHC.pdb,YSRRKFPAW,TCRen,3.81964437406092,0.75
302TIL_A0206_9_TCR-pMHC.pdb,TPEEGGQAL,TCRen,4.3367270209786,0.772727272727273
302TIL_A0206_9_TCR-pMHC.pdb,LLDGGLPAG,TCRen,4.58730531729245,0.795454545454545
302TIL_A0206_9_TCR-pMHC.pdb,VPCVCAVRY,TCRen,4.75972059369235,0.818181818181818
302TIL_A0206_9_TCR-pMHC.pdb,RVLFAVYHM,TCRen,4.78953528210264,0.840909090909091
302TIL_A0206_9_TCR-pMHC.pdb,SEDSGNFSV,TCRen,4.95742132979309,0.863636363636364
302TIL_A0206_9_TCR-pMHC.pdb,VLLSATIFL,TCRen,4.99890691986381,0.886363636363636
302TIL_A0206_9_TCR-pMHC.pdb,TPWPPPPAT,TCRen,5.36192257014254,0.909090909090909
302TIL_A0206_9_TCR-pMHC.pdb,FISGRFPYS,TCRen,5.4870970612592,0.931818181818182
302TIL_A0206_9_TCR-pMHC.pdb,FPFIAISCS,TCRen,5.56925574978727,0.954545454545455
302TIL_A0206_9_TCR-pMHC.pdb,FLVFPFIAI,TCRen,5.77667385841923,0.977272727272727
302TIL_A0206_9_TCR-pMHC.pdb,AISCSYGQV,TCRen,6.44587879324964,1
302TIL_B3501_10_TCR-pMHC.pdb,LTNWRFTRGV,TCRen,-0.935556562651202,0.0285714285714286
302TIL_B3501_10_TCR-pMHC.pdb,WLVWLFLGHM,TCRen,-0.883940296632666,0.0571428571428571
302TIL_B3501_10_TCR-pMHC.pdb,WLVWLLLGPM,TCRen,-0.714152293278558,0.0857142857142857
302TIL_B3501_10_TCR-pMHC.pdb,FRLLHPHHPL,TCRen,-0.602092894457996,0.114285714285714
302TIL_B3501_10_TCR-pMHC.pdb,LTGLPHAPAL,TCRen,-0.561429349353496,0.142857142857143
302TIL_B3501_10_TCR-pMHC.pdb,FAVYRMKSAE,TCRen,-0.557041618688462,0.171428571428571
302TIL_B3501_10_TCR-pMHC.pdb,LQLYRVLQCA,TCRen,-0.50897594043223,0.2
302TIL_B3501_10_TCR-pMHC.pdb,WPPPPATTPF,TCRen,-0.35131233721287,0.228571428571429
302TIL_B3501_10_TCR-pMHC.pdb,LLVALLDGGL,TCRen,-0.290367963797801,0.257142857142857
302TIL_B3501_10_TCR-pMHC.pdb,CSYGRVLFAV,TCRen,-0.241287022987979,0.285714285714286
302TIL_B3501_10_TCR-pMHC.pdb,FPYSRRKFPA,TCRen,-0.229087611209282,0.314285714285714
302TIL_B3501_10_TCR-pMHC.pdb,LVWLFLGHMV,TCRen,-0.0495051609285807,0.342857142857143
302TIL_B3501_10_TCR-pMHC.pdb,VALLDGGLPA,TCRen,-0.0199351112290035,0.371428571428571
302TIL_B3501_10_TCR-pMHC.pdb,GQVLFAVYRM,TCRen,0.118292908782619,0.4
302TIL_B3501_10_TCR-pMHC.pdb,LVWLLLGPMV,TCRen,0.211213552599389,0.428571428571429
302TIL_B3501_10_TCR-pMHC.pdb,VVLPPETRPI,TCRen,0.324664347306399,0.457142857142857
302TIL_B3501_10_TCR-pMHC.pdb,FLGHMVVSQM,TCRen,0.35958237409415,0.485714285714286
302TIL_B3501_10_TCR-pMHC.pdb,YIMLLTNWRF,TCRen,0.41822113301466,0.514285714285714
302TIL_B3501_10_TCR-pMHC.pdb,THVSDMSVVL,TCRen,0.613209130529527,0.542857142857143
302TIL_B3501_10_TCR-pMHC.pdb,CSCGQVLFAV,TCRen,0.653474234891209,0.571428571428571
302TIL_B3501_10_TCR-pMHC.pdb,GQALAEFAAL,TCRen,1.12947079023135,0.6
302TIL_B3501_10_TCR-pMHC.pdb,VASGENMTLL,TCRen,1.48692874324143,0.628571428571429
302TIL_B3501_10_TCR-pMHC.pdb,VQSAGPGRPL,TCRen,1.59472140786565,0.657142857142857
302TIL_B3501_10_TCR-pMHC.pdb,VLLSATIFLV,TCRen,1.71316874235937,0.685714285714286
302TIL_B3501_10_TCR-pMHC.pdb,YRVLQCANLL,TCRen,1.73716156797174,0.714285714285714
302TIL_B3501_10_TCR-pMHC.pdb,LPVTDTSSVS,TCRen,1.77648832382955,0.742857142857143
302TIL_B3501_10_TCR-pMHC.pdb,FPFIAISCSY,TCRen,1.80644233980478,0.771428571428571
302TIL_B3501_10_TCR-pMHC.pdb,TVLLSATIFL,TCRen,2.00857629906103,0.8
302TIL_B3501_10_TCR-pMHC.pdb,GAVAGEGRAL,TCRen,2.16662266202705,0.828571428571429
302TIL_B3501_10_TCR-pMHC.pdb,AAPTAVGPPL,TCRen,2.43496297465826,0.857142857142857
302TIL_B3501_10_TCR-pMHC.pdb,FPFIGISCSC,TCRen,2.55860550155757,0.885714285714286
302TIL_B3501_10_TCR-pMHC.pdb,TVASGENMTL,TCRen,2.65413221661469,0.914285714285714
302TIL_B3501_10_TCR-pMHC.pdb,FSLSTIHLRL,TCRen,3.50979871718205,0.942857142857143
302TIL_B3501_10_TCR-pMHC.pdb,YKYEECKDVI,TCRen,4.078368466259,0.971428571428571
302TIL_B3501_10_TCR-pMHC.pdb,IAISCSYGQV,TCRen,4.49989610453162,1
302TIL_B3501_9_TCR-pMHC.pdb,WLLLGPMVV,TCRen,-1.76202194127183,0.0227272727272727
302TIL_B3501_9_TCR-pMHC.pdb,QSAGPGRPL,TCRen,-1.38242438715802,0.0454545454545455
302TIL_B3501_9_TCR-pMHC.pdb,AVAGEGRAL,TCRen,-1.18308050796014,0.0681818181818182
302TIL_B3501_9_TCR-pMHC.pdb,TPEEGGQAL,TCRen,-1.13217600065862,0.0909090909090909
302TIL_B3501_9_TCR-pMHC.pdb,WLFLGHMVV,TCRen,-1.08852876521739,0.113636363636364
302TIL_B3501_9_TCR-pMHC.pdb,TVLLSATIF,TCRen,-1.0165722486532,0.136363636363636
302TIL_B3501_9_TCR-pMHC.pdb,GQARQSRPV,TCRen,-0.766431310955647,0.159090909090909
302TIL_B3501_9_TCR-pMHC.pdb,LLDGGLPAG,TCRen,-0.656669077477342,0.181818181818182
302TIL_B3501_9_TCR-pMHC.pdb,FPFIAISCS,TCRen,-0.6442938720388,0.204545454545455
302TIL_B3501_9_TCR-pMHC.pdb,VASGENMTL,TCRen,-0.557188578812943,0.227272727272727
302TIL_B3501_9_TCR-pMHC.pdb,SYGRVLFAV,TCRen,-0.451500734231971,0.25
302TIL_B3501_9_TCR-pMHC.pdb,LVWLLLGPM,TCRen,-0.450239011539264,0.272727272727273
302TIL_B3501_9_TCR-pMHC.pdb,QLYRVLQCA,TCRen,-0.20641200393979,0.295454545454545
302TIL_B3501_9_TCR-pMHC.pdb,FISGRFPYS,TCRen,-0.117934209358135,0.318181818181818
302TIL_B3501_9_TCR-pMHC.pdb,TWVYEGTVL,TCRen,0.0222280692278807,0.340909090909091
302TIL_B3501_9_TCR-pMHC.pdb,FLVFPFIAI,TCRen,0.0400628622855282,0.363636363636364
302TIL_B3501_9_TCR-pMHC.pdb,GQALAEFAA,TCRen,0.0541312352366136,0.386363636363636
302TIL_B3501_9_TCR-pMHC.pdb,ALLDGGLPA,TCRen,0.073984571368305,0.409090909090909
302TIL_B3501_9_TCR-pMHC.pdb,RGARAPAAW,TCRen,0.133983179693904,0.431818181818182
302TIL_B3501_9_TCR-pMHC.pdb,WVYEGTVLL,TCRen,0.143412764929285,0.454545454545455
302TIL_B3501_9_TCR-pMHC.pdb,TGLPHAPAL,TCRen,0.18370102856766,0.477272727272727
302TIL_B3501_9_TCR-pMHC.pdb,VLLSATIFL,TCRen,0.286931028819781,0.5
302TIL_B3501_9_TCR-pMHC.pdb,FAVYRMKSA,TCRen,0.425864068705976,0.522727272727273
302TIL_B3501_9_TCR-pMHC.pdb,TPWPPPPAT,TCRen,0.451325365464572,0.545454545454545
302TIL_B3501_9_TCR-pMHC.pdb,PPPPATTPF,TCRen,0.545949255674383,0.568181818181818
302TIL_B3501_9_TCR-pMHC.pdb,HVSDMSVVL,TCRen,0.587747176169521,0.590909090909091
302TIL_B3501_9_TCR-pMHC.pdb,ISCSYGRVL,TCRen,0.702281834470014,0.613636363636364
302TIL_B3501_9_TCR-pMHC.pdb,APTAVGPPL,TCRen,0.729054052983384,0.636363636363636
302TIL_B3501_9_TCR-pMHC.pdb,IMLLTNWRF,TCRen,0.809403806977394,0.659090909090909
302TIL_B3501_9_TCR-pMHC.pdb,SEDSGNFSV,TCRen,0.941356655558051,0.681818181818182
302TIL_B3501_9_TCR-pMHC.pdb,RLLHPHHPL,TCRen,0.989160734275421,0.704545454545455
302TIL_B3501_9_TCR-pMHC.pdb,YSRRKFPAW,TCRen,1.58691752835469,0.727272727272727
302TIL_B3501_9_TCR-pMHC.pdb,RVLQCANLL,TCRen,1.75503915284644,0.75
302TIL_B3501_9_TCR-pMHC.pdb,KQWLVWLFL,TCRen,1.828210698948,0.772727272727273
302TIL_B3501_9_TCR-pMHC.pdb,APALDAPLF,TCRen,1.86280100295933,0.795454545454545
302TIL_B3501_9_TCR-pMHC.pdb,LLSATIFLV,TCRen,2.00327840784675,0.818181818181818
302TIL_B3501_9_TCR-pMHC.pdb,ISCSCGQVL,TCRen,2.09925336017491,0.840909090909091
302TIL_B3501_9_TCR-pMHC.pdb,RVLFAVYHM,TCRen,2.19203883626967,0.863636363636364
302TIL_B3501_9_TCR-pMHC.pdb,VPCVCAVRY,TCRen,2.32804762942089,0.886363636363636
302TIL_B3501_9_TCR-pMHC.pdb,AISCSYGQV,TCRen,2.62010599484552,0.909090909090909
302TIL_B3501_9_TCR-pMHC.pdb,HAPALDAPL,TCRen,2.66894043658855,0.931818181818182
302TIL_B3501_9_TCR-pMHC.pdb,LPVTDTSSV,TCRen,2.84820837259795,0.954545454545455
302TIL_B3501_9_TCR-pMHC.pdb,ALDAPLFGI,TCRen,2.87358058093826,0.977272727272727
302TIL_B3501_9_TCR-pMHC.pdb,YRVLQCANL,TCRen,3.77267680686638,1
302TIL_B5801_9_TCR-pMHC.pdb,AVAGEGRAL,TCRen,-1.55903342407188,0.0227272727272727
302TIL_B5801_9_TCR-pMHC.pdb,WLLLGPMVV,TCRen,-1.37187771495124,0.0454545454545455
302TIL_B5801_9_TCR-pMHC.pdb,WLFLGHMVV,TCRen,-1.13378017386064,0.0681818181818182
302TIL_B5801_9_TCR-pMHC.pdb,QSAGPGRPL,TCRen,-0.807636342744075,0.0909090909090909
302TIL_B5801_9_TCR-pMHC.pdb,VASGENMTL,TCRen,-0.689943261140409,0.113636363636364
302TIL_B5801_9_TCR-pMHC.pdb,LVWLLLGPM,TCRen,-0.616108373058528,0.136363636363636
302TIL_B5801_9_TCR-pMHC.pdb,FISGRFPYS,TCRen,-0.396612938832971,0.159090909090909
302TIL_B5801_9_TCR-pMHC.pdb,TVLLSATIF,TCRen,-0.316302982964971,0.181818181818182
302TIL_B5801_9_TCR-pMHC.pdb,WVYEGTVLL,TCRen,-0.281957307643044,0.204545454545455
302TIL_B5801_9_TCR-pMHC.pdb,LLDGGLPAG,TCRen,-0.253745281751961,0.227272727272727
302TIL_B5801_9_TCR-pMHC.pdb,TPEEGGQAL,TCRen,0.0996522299579492,0.25
302TIL_B5801_9_TCR-pMHC.pdb,IMLLTNWRF,TCRen,0.124165889282099,0.272727272727273
302TIL_B5801_9_TCR-pMHC.pdb,SYGRVLFAV,TCRen,0.248905882141641,0.295454545454545
302TIL_B5801_9_TCR-pMHC.pdb,GQARQSRPV,TCRen,0.262030361459955,0.318181818181818
302TIL_B5801_9_TCR-pMHC.pdb,FLVFPFIAI,TCRen,0.263087937592103,0.340909090909091
302TIL_B5801_9_TCR-pMHC.pdb,ALLDGGLPA,TCRen,0.290725507398204,0.363636363636364
302TIL_B5801_9_TCR-pMHC.pdb,TWVYEGTVL,TCRen,0.414930951191764,0.386363636363636
302TIL_B5801_9_TCR-pMHC.pdb,FAVYRMKSA,TCRen,0.615936587645787,0.409090909090909
302TIL_B5801_9_TCR-pMHC.pdb,QLYRVLQCA,TCRen,0.744511001568458,0.431818181818182
302TIL_B5801_9_TCR-pMHC.pdb,RLLHPHHPL,TCRen,0.787059046849071,0.454545454545455
302TIL_B5801_9_TCR-pMHC.pdb,KQWLVWLFL,TCRen,0.807645745992357,0.477272727272727
302TIL_B5801_9_TCR-pMHC.pdb,RVLQCANLL,TCRen,0.832159772932439,0.5
302TIL_B5801_9_TCR-pMHC.pdb,ISCSYGRVL,TCRen,1.13362982483275,0.522727272727273
302TIL_B5801_9_TCR-pMHC.pdb,FPFIAISCS,TCRen,1.13492516281188,0.545454545454545
302TIL_B5801_9_TCR-pMHC.pdb,VPCVCAVRY,TCRen,1.18420097761527,0.568181818181818
302TIL_B5801_9_TCR-pMHC.pdb,SEDSGNFSV,TCRen,1.21600705812598,0.590909090909091
302TIL_B5801_9_TCR-pMHC.pdb,APALDAPLF,TCRen,1.26253174892349,0.613636363636364
302TIL_B5801_9_TCR-pMHC.pdb,ISCSCGQVL,TCRen,1.35718534661982,0.636363636363636
302TIL_B5801_9_TCR-pMHC.pdb,HVSDMSVVL,TCRen,1.39501056399631,0.659090909090909
302TIL_B5801_9_TCR-pMHC.pdb,APTAVGPPL,TCRen,1.49025334272625,0.681818181818182
302TIL_B5801_9_TCR-pMHC.pdb,GQALAEFAA,TCRen,1.49197940516559,0.704545454545455
302TIL_B5801_9_TCR-pMHC.pdb,RGARAPAAW,TCRen,1.77229447384415,0.727272727272727
302TIL_B5801_9_TCR-pMHC.pdb,RVLFAVYHM,TCRen,1.82639776480682,0.75
302TIL_B5801_9_TCR-pMHC.pdb,AISCSYGQV,TCRen,1.88149707258327,0.772727272727273
302TIL_B5801_9_TCR-pMHC.pdb,TPWPPPPAT,TCRen,1.93900186555524,0.795454545454545
302TIL_B5801_9_TCR-pMHC.pdb,LLSATIFLV,TCRen,1.95027817220382,0.818181818181818
302TIL_B5801_9_TCR-pMHC.pdb,YRVLQCANL,TCRen,2.02347161372607,0.840909090909091
302TIL_B5801_9_TCR-pMHC.pdb,VLLSATIFL,TCRen,2.22613557874359,0.863636363636364
302TIL_B5801_9_TCR-pMHC.pdb,PPPPATTPF,TCRen,2.3072237915424,0.886363636363636
302TIL_B5801_9_TCR-pMHC.pdb,YSRRKFPAW,TCRen,2.57765643395449,0.909090909090909
302TIL_B5801_9_TCR-pMHC.pdb,LPVTDTSSV,TCRen,2.60563406377306,0.931818181818182
302TIL_B5801_9_TCR-pMHC.pdb,TGLPHAPAL,TCRen,2.61505034567467,0.954545454545455
302TIL_B5801_9_TCR-pMHC.pdb,HAPALDAPL,TCRen,3.18732652983013,0.977272727272727
302TIL_B5801_9_TCR-pMHC.pdb,ALDAPLFGI,TCRen,3.22045846793882,1
302TIL_C0303_10_TCR-pMHC.pdb,WLVWLLLGPM,TCRen,-2.28515096749713,0.0285714285714286
302TIL_C0303_10_TCR-pMHC.pdb,LVWLLLGPMV,TCRen,-1.26777625442414,0.0571428571428571
302TIL_C0303_10_TCR-pMHC.pdb,LLVALLDGGL,TCRen,-1.16403996498546,0.0857142857142857
302TIL_C0303_10_TCR-pMHC.pdb,FAVYRMKSAE,TCRen,-0.760453500395246,0.114285714285714
302TIL_C0303_10_TCR-pMHC.pdb,LTGLPHAPAL,TCRen,-0.472624458401657,0.142857142857143
302TIL_C0303_10_TCR-pMHC.pdb,LQLYRVLQCA,TCRen,-0.0446869792855682,0.171428571428571
302TIL_C0303_10_TCR-pMHC.pdb,VALLDGGLPA,TCRen,0.17743225402912,0.2
302TIL_C0303_10_TCR-pMHC.pdb,FLGHMVVSQM,TCRen,0.184519918653527,0.228571428571429
302TIL_C0303_10_TCR-pMHC.pdb,CSCGQVLFAV,TCRen,0.227174321304883,0.257142857142857
302TIL_C0303_10_TCR-pMHC.pdb,WLVWLFLGHM,TCRen,0.308441965553419,0.285714285714286
302TIL_C0303_10_TCR-pMHC.pdb,CSYGRVLFAV,TCRen,0.309935814339192,0.314285714285714
302TIL_C0303_10_TCR-pMHC.pdb,YIMLLTNWRF,TCRen,0.377073453646816,0.342857142857143
302TIL_C0303_10_TCR-pMHC.pdb,LTNWRFTRGV,TCRen,0.428606489237075,0.371428571428571
302TIL_C0303_10_TCR-pMHC.pdb,FPYSRRKFPA,TCRen,0.54933601121174,0.4
302TIL_C0303_10_TCR-pMHC.pdb,FRLLHPHHPL,TCRen,0.649828241562384,0.428571428571429
302TIL_C0303_10_TCR-pMHC.pdb,FPFIAISCSY,TCRen,0.97342406285663,0.457142857142857
302TIL_C0303_10_TCR-pMHC.pdb,AAPTAVGPPL,TCRen,0.979100074023177,0.485714285714286
302TIL_C0303_10_TCR-pMHC.pdb,LVWLFLGHMV,TCRen,1.25495175221696,0.514285714285714
302TIL_C0303_10_TCR-pMHC.pdb,GQALAEFAAL,TCRen,1.62206207476713,0.542857142857143
302TIL_C0303_10_TCR-pMHC.pdb,THVSDMSVVL,TCRen,1.72983332151538,0.571428571428571
302TIL_C0303_10_TCR-pMHC.pdb,VVLPPETRPI,TCRen,1.80217739686266,0.6
302TIL_C0303_10_TCR-pMHC.pdb,FPFIGISCSC,TCRen,1.81707784035231,0.628571428571429
302TIL_C0303_10_TCR-pMHC.pdb,VQSAGPGRPL,TCRen,1.8258881055222,0.657142857142857
302TIL_C0303_10_TCR-pMHC.pdb,GAVAGEGRAL,TCRen,2.30969940890583,0.685714285714286
302TIL_C0303_10_TCR-pMHC.pdb,VASGENMTLL,TCRen,2.45370902934236,0.714285714285714
302TIL_C0303_10_TCR-pMHC.pdb,VLLSATIFLV,TCRen,2.48111114709868,0.742857142857143
302TIL_C0303_10_TCR-pMHC.pdb,FSLSTIHLRL,TCRen,2.79713376231682,0.771428571428571
302TIL_C0303_10_TCR-pMHC.pdb,LPVTDTSSVS,TCRen,2.84453222753683,0.8
302TIL_C0303_10_TCR-pMHC.pdb,YRVLQCANLL,TCRen,2.96560338976361,0.828571428571429
302TIL_C0303_10_TCR-pMHC.pdb,WPPPPATTPF,TCRen,3.01138860086875,0.857142857142857
302TIL_C0303_10_TCR-pMHC.pdb,GQVLFAVYRM,TCRen,3.05273623677033,0.885714285714286
302TIL_C0303_10_TCR-pMHC.pdb,TVLLSATIFL,TCRen,3.08492623380177,0.914285714285714
302TIL_C0303_10_TCR-pMHC.pdb,YKYEECKDVI,TCRen,3.62540723358991,0.942857142857143
302TIL_C0303_10_TCR-pMHC.pdb,IAISCSYGQV,TCRen,3.92985497995826,0.971428571428571
302TIL_C0303_10_TCR-pMHC.pdb,TVASGENMTL,TCRen,4.99995487485211,1
302TIL_C0303_9_TCR-pMHC.pdb,WLLLGPMVV,TCRen,-1.69046407450477,0.0227272727272727
302TIL_C0303_9_TCR-pMHC.pdb,WLFLGHMVV,TCRen,-1.45236653341417,0.0454545454545455
302TIL_C0303_9_TCR-pMHC.pdb,QSAGPGRPL,TCRen,-1.19049128357744,0.0681818181818182
302TIL_C0303_9_TCR-pMHC.pdb,LVWLLLGPM,TCRen,-1.02916798931319,0.0909090909090909
302TIL_C0303_9_TCR-pMHC.pdb,AVAGEGRAL,TCRen,-0.846451027187618,0.113636363636364
302TIL_C0303_9_TCR-pMHC.pdb,FISGRFPYS,TCRen,-0.789113713521472,0.136363636363636
302TIL_C0303_9_TCR-pMHC.pdb,VASGENMTL,TCRen,-0.702591001204002,0.159090909090909
302TIL_C0303_9_TCR-pMHC.pdb,FPFIAISCS,TCRen,-0.648850224723549,0.181818181818182
302TIL_C0303_9_TCR-pMHC.pdb,FLVFPFIAI,TCRen,-0.525015522822363,0.204545454545455
302TIL_C0303_9_TCR-pMHC.pdb,GQALAEFAA,TCRen,-0.376303981288499,0.227272727272727
302TIL_C0303_9_TCR-pMHC.pdb,TVLLSATIF,TCRen,-0.332365405576483,0.25
302TIL_C0303_9_TCR-pMHC.pdb,VLLSATIFL,TCRen,-0.289485112880024,0.272727272727273
302TIL_C0303_9_TCR-pMHC.pdb,TPEEGGQAL,TCRen,-0.165385780054691,0.295454545454545
302TIL_C0303_9_TCR-pMHC.pdb,LLDGGLPAG,TCRen,-0.146443949912987,0.318181818181818
302TIL_C0303_9_TCR-pMHC.pdb,GQARQSRPV,TCRen,-0.0348262661066991,0.340909090909091
302TIL_C0303_9_TCR-pMHC.pdb,RLLHPHHPL,TCRen,-0.0177033028706875,0.363636363636364
302TIL_C0303_9_TCR-pMHC.pdb,RGARAPAAW,TCRen,0.102005128898494,0.386363636363636
302TIL_C0303_9_TCR-pMHC.pdb,RVLFAVYHM,TCRen,0.129019039473342,0.409090909090909
302TIL_C0303_9_TCR-pMHC.pdb,WVYEGTVLL,TCRen,0.522107664404193,0.431818181818182
302TIL_C0303_9_TCR-pMHC.pdb,IMLLTNWRF,TCRen,0.596559350162135,0.454545454545455
302TIL_C0303_9_TCR-pMHC.pdb,APALDAPLF,TCRen,0.676326523450995,0.477272727272727
302TIL_C0303_9_TCR-pMHC.pdb,FAVYRMKSA,TCRen,0.687310345923167,0.5
302TIL_C0303_9_TCR-pMHC.pdb,ISCSYGRVL,TCRen,0.728808960682792,0.522727272727273
302TIL_C0303_9_TCR-pMHC.pdb,ALLDGGLPA,TCRen,0.784601851412304,0.545454545454545
302TIL_C0303_9_TCR-pMHC.pdb,PPPPATTPF,TCRen,0.844473439959806,0.568181818181818
302TIL_C0303_9_TCR-pMHC.pdb,YSRRKFPAW,TCRen,0.874314732569267,0.590909090909091
302TIL_C0303_9_TCR-pMHC.pdb,SEDSGNFSV,TCRen,1.0538094048924,0.613636363636364
302TIL_C0303_9_TCR-pMHC.pdb,TWVYEGTVL,TCRen,1.10878618113073,0.636363636363636
302TIL_C0303_9_TCR-pMHC.pdb,LPVTDTSSV,TCRen,1.20982577240878,0.659090909090909
302TIL_C0303_9_TCR-pMHC.pdb,TPWPPPPAT,TCRen,1.21450209947584,0.681818181818182
302TIL_C0303_9_TCR-pMHC.pdb,YRVLQCANL,TCRen,1.26703912047471,0.704545454545455
302TIL_C0303_9_TCR-pMHC.pdb,LLSATIFLV,TCRen,1.40591644749968,0.727272727272727
302TIL_C0303_9_TCR-pMHC.pdb,TGLPHAPAL,TCRen,1.45031902778946,0.75
302TIL_C0303_9_TCR-pMHC.pdb,SYGRVLFAV,TCRen,1.53789187762953,0.772727272727273
302TIL_C0303_9_TCR-pMHC.pdb,QLYRVLQCA,TCRen,1.57868021712011,0.795454545454545
302TIL_C0303_9_TCR-pMHC.pdb,AISCSYGQV,TCRen,1.63320746963146,0.818181818181818
302TIL_C0303_9_TCR-pMHC.pdb,KQWLVWLFL,TCRen,1.83777957381557,0.840909090909091
302TIL_C0303_9_TCR-pMHC.pdb,HVSDMSVVL,TCRen,2.23589532146577,0.863636363636364
302TIL_C0303_9_TCR-pMHC.pdb,APTAVGPPL,TCRen,2.29609296428484,0.886363636363636
302TIL_C0303_9_TCR-pMHC.pdb,ALDAPLFGI,TCRen,2.57414374602874,0.909090909090909
302TIL_C0303_9_TCR-pMHC.pdb,ISCSCGQVL,TCRen,2.85633832179172,0.931818181818182
302TIL_C0303_9_TCR-pMHC.pdb,RVLQCANLL,TCRen,2.96945670915974,0.954545454545455
302TIL_C0303_9_TCR-pMHC.pdb,HAPALDAPL,TCRen,3.42279048122242,0.977272727272727
302TIL_C0303_9_TCR-pMHC.pdb,VPCVCAVRY,TCRen,4.72347256641045,1
