"","residue.aa.from","residue.aa.to","TCRen"
"1","A","A",-0.133170902353856
"2","A","C",-0.165960725176847
"3","A","D",0.555357332349795
"4","A","E",0.0964035392906443
"5","A","F",0.0523359340753857
"6","A","G",-0.179383745508987
"7","A","H",0.673140368006178
"8","A","I",0.485513758982531
"9","A","K",0.0628808472520007
"10","A","L",-0.236028287793564
"11","A","M",0.260240281410496
"12","A","N",0.447937083728958
"13","A","P",0.201564234785951
"14","A","Q",-0.233753836471894
"15","A","R",0.140589831579317
"16","A","S",-0.245210096830987
"17","A","T",-0.132249667834535
"18","A","V",0.23473110417866
"19","A","W",-0.246683936449288
"20","A","Y",-0.35136394850821
"21","D","A",0.1559068437369
"22","D","C",0.816264201473854
"23","D","D",1.24990018654871
"24","D","E",0.673163357833181
"25","D","F",0.0159912797315135
"26","D","G",-0.0726275562121865
"27","D","H",-0.136394174571176
"28","D","I",0.641060112448764
"29","D","K",-0.852014210983179
"30","D","L",0.289438236361422
"31","D","M",0.212845790880039
"32","D","N",0.0438676492597683
"33","D","P",0.115948531435296
"34","D","Q",0.0553239096188614
"35","D","R",-0.464150298352024
"36","D","S",0.449332757367933
"37","D","T",-0.37380017280595
"38","D","V",0.118343742161251
"39","D","W",0.196544489468726
"40","D","Y",-0.269925567195698
"41","E","A",-0.118121113349857
"42","E","C",0.00323974365441063
"43","E","D",1.13002290928922
"44","E","E",0.553286080573683
"45","E","F",1.40019139924829
"46","E","G",0.0588095948092214
"47","E","H",-0.767097075596665
"48","E","I",0.115717727081101
"49","E","K",-0.748747936928468
"50","E","L",-0.213431293154182
"51","E","M",0.652584301555963
"52","E","N",0.329455480108435
"53","E","P",0.283753326627579
"54","E","Q",-0.227072297138412
"55","E","R",0.0221082279587935
"56","E","S",-0.0760096279997299
"57","E","T",-0.299521435624491
"58","E","V",-0.00153353509824701
"59","E","W",0.482132320317392
"60","E","Y",-0.256271451830674
"61","F","A",-0.0810798416695077
"62","F","C",0.0402810153347597
"63","F","D",0.068451892301456
"64","F","E",0.590327352254032
"65","F","F",0.0509383098087478
"66","F","G",0.250001546316829
"67","F","H",-0.506912252602106
"68","F","I",-0.358066625004541
"69","F","K",-0.172710164515432
"70","F","L",0.0242806739883187
"71","F","M",-0.00352160732363318
"72","F","N",-0.0389683563193807
"73","F","P",-0.372352582252017
"74","F","Q",0.726259706416092
"75","F","R",0.0591494996391426
"76","F","S",0.366496751788784
"77","F","T",0.297135623991281
"78","F","V",0.0355077365821021
"79","F","W",-0.173973588562204
"80","F","Y",-0.219230180150325
"81","G","A",0.1559068437369
"82","G","C",0.123117020913909
"83","G","D",-0.00286278194665304
"84","G","E",-0.209225822365293
"85","G","F",-0.0380759415387622
"86","G","G",-0.202680684460384
"87","G","H",0.269070933536989
"88","G","I",-0.0828587267779356
"89","G","K",0.351958593342756
"90","G","L",0.164275093407416
"91","G","M",-0.143829153058694
"92","G","N",-0.179275902054441
"93","G","P",-0.0292334784092016
"94","G","Q",-0.202505199683238
"95","G","R",-0.0811580460959181
"96","G","S",0.130879026249398
"97","G","T",0.319347007753996
"98","G","V",0.251875134785774
"99","G","W",0.11650178179519
"100","G","Y",-0.100026530400301
"101","H","A",-0.196592728791352
"102","H","C",-0.634847659722507
"103","H","D",-0.606676782755811
"104","H","E",0.320663785304929
"105","H","F",0.0689568153114261
"106","H","G",0.673485159927672
"107","H","H",0.204253433460518
"108","H","I",1.26938979293224
"109","H","K",-0.288223051637276
"110","H","L",-0.245382892960784
"111","H","M",0.70764407873899
"112","H","N",-0.308631923268483
"113","H","P",0.338813103810606
"114","H","Q",-0.508484756576597
"115","H","R",1.17578029380993
"116","H","S",0.384515257291462
"117","H","T",1.0083013100539
"118","H","V",0.0535262420847803
"119","H","W",-0.849102263619471
"120","H","Y",-0.557886618586379
"121","I","A",0.220706836963815
"122","I","C",-0.21754809396734
"123","I","D",-0.189377217000644
"124","I","E",0.737963351060096
"125","I","F",-0.430034350807562
"126","I","G",0.685319617574674
"127","I","H",0.621552999215685
"128","I","I",1.68668935868741
"129","I","K",0.416758586569672
"130","I","L",0.354238229588338
"131","I","M",-0.820966504561155
"132","I","N",-0.807623089387471
"133","I","P",0.468430597113993
"134","I","Q",0.756112669565774
"135","I","R",0.899932679005152
"136","I","S",0.108667642486684
"137","I","T",-0.972294396989299
"138","I","V",-0.915468553279943
"139","I","W",-0.431802697864304
"140","I","Y",0.775703679042943
"141","K","A",-0.0475571496308641
"142","K","C",-0.485812080562019
"143","K","D",-0.745323276047104
"144","K","E",-0.783063604029951
"145","K","F",1.6042867555918
"146","K","G",0.129373558528214
"147","K","H",-0.33985816793894
"148","K","I",0.319813083424616
"149","K","K",0.553959708083157
"150","K","L",0.309117794307868
"151","K","M",-0.241932630768631
"152","K","N",-0.159596344107996
"153","K","P",0.200166610519313
"154","K","Q",-0.359449177416109
"155","K","R",-0.0614784881494722
"156","K","S",-0.56506145221616
"157","K","T",-0.228957471905498
"158","K","V",0.608026929353433
"159","K","W",-0.00691950389903781
"160","K","Y",0.507439692448264
"161","L","A",-0.222910037108725
"162","L","C",0.350435943638599
"163","L","D",0.78407192871346
"164","L","E",0.207335099997926
"165","L","F",0.137949686798378
"166","L","G",0.154691366512504
"167","L","H",1.18953703682162
"168","L","I",-0.789849041430079
"169","L","K",0.291595443615666
"170","L","L",0.229075086634332
"171","L","M",-0.0988317871279581
"172","L","N",-0.0164955004673221
"173","L","P",-0.216348333775436
"174","L","Q",-0.0621976539481777
"175","L","R",1.06245160850293
"176","L","S",0.271186571984459
"177","L","T",-0.309000179579034
"178","L","V",-0.347484515674004
"179","L","W",0.829328520301581
"180","L","Y",0.0909247481535146
"181","M","A",0.38322576646159
"182","M","C",-0.74817634502951
"183","M","D",-0.31454035995465
"184","M","E",-0.198130008110238
"185","M","F",0.243310202456204
"186","M","G",0.154691366512504
"187","M","H",-0.602222432406431
"188","M","I",0.0574488189571251
"189","M","K",0.291595443615666
"190","M","L",-0.176390021473833
"191","M","M",0.594315393431987
"192","M","N",0.271186571984459
"193","M","P",0.225484418503603
"194","M","Q",-0.0621976539481777
"195","M","R",-0.0361606801651823
"196","M","S",0.271186571984459
"197","M","T",-0.203639663921208
"198","M","V",-0.347484515674004
"199","M","W",0.423863412193416
"200","M","Y",-0.160389680127391
"201","N","A",0.00870546220284734
"202","N","C",1.22867860787522
"203","N","D",-0.12944487627797
"204","N","E",-0.0130345244335585
"205","N","F",0.0999016191608476
"206","N","G",0.0112827832171478
"207","N","H",0.121869552002936
"208","N","I",0.242544302633805
"209","N","K",-0.296498960941136
"210","N","L",-0.116457680751159
"211","N","M",-0.0678869832785365
"212","N","N",-0.236865124898807
"213","N","P",0.00511479407211869
"214","N","Q",-0.225408864539714
"215","N","R",-0.0961876545214874
"216","N","S",-0.316907832572343
"217","N","T",-0.123904695902354
"218","N","V",0.617769525552251
"219","N","W",0.791280452664051
"220","N","Y",0.207027360343243
"221","P","A",1.50815536344707
"222","P","C",-0.316393928603973
"223","P","D",-0.288223051637276
"224","P","E",0.233652408315299
"225","P","F",-0.0180545616782038
"226","P","G",-0.260824077449162
"227","P","H",0.522707164579052
"228","P","I",0.201549162930882
"229","P","K",0.317912751933039
"230","P","L",-0.0810798416695077
"231","P","M",-0.76566165937053
"232","P","N",-0.395643300258113
"233","P","P",1.06273194303731
"234","P","Q",0.36958476247736
"235","P","R",-0.115203887505635
"236","P","S",0.00982180785005127
"237","P","T",-0.465004428055616
"238","P","V",-0.138845650562676
"239","P","W",-0.753792083815146
"240","P","Y",0.271392736298146
"241","Q","A",0.00537582538639905
"242","Q","C",-0.209735554230546
"243","Q","D",0.069749751017056
"244","Q","E",-0.101521969590314
"245","Q","F",-0.156518645337763
"246","Q","G",-0.328519090220513
"247","Q","H",-0.351463714059248
"248","Q","I",0.0850639859900985
"249","Q","K",0.319210610648639
"250","Q","L",-0.148774854440859
"251","Q","M",0.439609003671006
"252","Q","N",0.809627362783423
"253","Q","P",0.070778028742622
"254","Q","Q",1.01523963758347
"255","Q","R",-0.0085455131322089
"256","Q","S",-0.0376704976037809
"257","Q","T",0.047119054425975
"258","Q","V",-0.54301289995524
"259","Q","W",0.45147857922639
"260","Q","Y",-0.0637816416074665
"261","R","A",0.325596653624954
"262","R","C",-1.14227769448736
"263","R","D",-0.26680895713346
"264","R","E",-0.72576275019261
"265","R","F",-0.325144534146423
"266","R","G",0.407217181979707
"267","R","H",0.256439186631088
"268","R","I",0.510645329886479
"269","R","K",0.590641274717762
"270","R","L",-0.0108755829962593
"271","R","M",1.04751190436134
"272","R","N",-0.122914777473391
"273","R","P",-0.302148323578769
"274","R","Q",-0.0685334723972636
"275","R","R",0.0493110506388547
"276","R","S",-0.479589721412123
"277","R","T",-0.0381252254436346
"278","R","V",0.798859175815296
"279","R","W",0.58937785067099
"280","R","Y",0.00512475835018204
"281","S","A",-0.202323403500337
"282","S","C",0.498855948756873
"283","S","D",-0.166120354836376
"284","S","E",0.201604425288941
"285","S","F",0.0632261406024411
"286","S","G",-0.0253926953412587
"287","S","H",0.644809861379952
"288","S","I",-0.199596284032766
"289","S","K",-0.0708101750320516
"290","S","L",0.00593153532012215
"291","S","M",-0.238093854461466
"292","S","N",0.419606577102732
"293","S","P",-0.0315606844862878
"294","S","Q",-0.0679283286571627
"295","S","R",-0.364664747137218
"296","S","S",0.131924504650951
"297","S","T",0.755710557413394
"298","S","V",0.0886175618960505
"299","S","W",-0.120863763248255
"300","S","Y",0.31345272542551
"301","T","A",0.194111963733692
"302","T","C",0.934512029144183
"303","T","D",1.36814801421904
"304","T","E",0.098264004943564
"305","T","F",-0.0199115724254163
"306","T","G",-0.431303800632167
"307","T","H",-0.0181463469008473
"308","T","I",-0.205772955924495
"309","T","K",0.364845905355259
"310","T","L",-0.142360272887521
"311","T","M",-0.12089150519269
"312","T","N",0.344437033724051
"313","T","P",-0.128709134583744
"314","T","Q",0.011052807791415
"315","T","R",0.34724470987825
"316","T","S",-0.125566595521684
"317","T","T",0.0927543491325944
"318","T","V",-0.22294075954686
"319","T","W",0.160641637311796
"320","T","Y",0.136004332926411
"321","V","A",0.598337146078536
"322","V","C",-0.127599857304401
"323","V","D",0.30603612777046
"324","V","E",0.422446479614871
"325","V","F",0.170739509621368
"326","V","G",0.0821206736776685
"327","V","H",-0.387111052789485
"328","V","I",-0.420586981985875
"329","V","K",-0.186440357327334
"330","V","L",0.261864909457323
"331","V","M",0.116279592488987
"332","V","N",-0.494531301410322
"333","V","P",0.846060906228713
"334","V","Q",-0.134768346783013
"335","V","R",0.584415807559928
"336","V","S",0.198615879149623
"337","V","T",-0.681675464864208
"338","V","V",-0.132373136057058
"339","V","W",-0.0541723887495833
"340","V","Y",-0.387111052789485
"341","W","A",-0.852352377279677
"342","W","C",-0.661998648788458
"343","W","D",-0.451506215027807
"344","W","E",0.986659976798924
"345","W","F",-0.181337725068735
"346","W","G",0.646334170861721
"347","W","H",0.177102444394567
"348","W","I",0.143626515198177
"349","W","K",-0.800881856484928
"350","W","L",0.602934855327165
"351","W","M",0.68049308967304
"352","W","N",-0.335782912334434
"353","W","P",0.0239800422928747
"354","W","Q",0.71712722285282
"355","W","R",0.455482124184034
"356","W","S",-0.335782912334434
"357","W","T",-0.117461967680156
"358","W","V",0.0263752530188295
"359","W","W",-0.406249623439686
"360","W","Y",1.02440030478177
"361","Y","A",-0.0775894367297392
"362","Y","C",0.662810628680752
"363","Y","D",-0.407630783020662
"364","Y","E",-0.0864260185302372
"365","Y","F",-0.0803038792216404
"366","Y","G",0.467066051554656
"367","Y","H",-0.369890455037815
"368","Y","I",-0.205540640904284
"369","Y","K",0.891652201109599
"370","Y","L",-0.126379600899171
"371","Y","M",-0.0741391745375865
"372","Y","N",0.178096148918447
"373","Y","P",-0.127117200047493
"374","Y","Q",0.0960263512667165
"375","Y","R",-0.0114680675748109
"376","Y","S",0.583561257026611
"377","Y","T",0.601211506218739
"378","Y","V",-0.115152538305388
"379","Y","W",-0.516524871259799
"380","Y","Y",-0.00216567491249739
