residue.aa.from,residue.aa.to,value,potential
A,A,-0.129428132728109,TCRen
A,C,-0.211376207761192,TCRen
A,D,1.03704835913558,TCRen
A,E,0.0591134641502162,TCRen
A,F,-0.0154392489492397,TCRen
A,G,-0.104717833387765,TCRen
A,H,0.686565385444767,TCRen
A,I,0.400645427986385,TCRen
A,K,0.270461879131546,TCRen
A,L,-0.299306280267894,TCRen
A,M,0.64882505746192,TCRen
A,N,0.440528014264704,TCRen
A,P,0.204139236200474,TCRen
A,Q,-0.23049724920797,TCRen
A,R,0.115915002785635,TCRen
A,S,-0.263201275625778,TCRen
A,T,-0.141171949087943,TCRen
A,V,0.076305864690589,TCRen
A,W,-0.290157085614306,TCRen
A,Y,-0.35048901022391,TCRen
D,A,-0.0127531304260871,TCRen
D,C,0.839608031917663,TCRen
D,D,0.701738237694543,TCRen
D,E,0.704632595720907,TCRen
D,F,0.0370161606184884,TCRen
D,G,-0.0522624238200376,TCRen
D,H,-0.0542098441044333,TCRen
D,I,0.624951094480772,TCRen
D,K,-0.793086742680705,TCRen
D,L,0.176313814507399,TCRen
D,M,0.159364256193626,TCRen
D,N,-0.0489327870035895,TCRen
D,P,0.0313480442572134,TCRen
D,Q,0.0667151880945047,TCRen
D,R,-0.373545798482659,TCRen
D,S,0.276957340287087,TCRen
D,T,-0.313963141031204,TCRen
D,V,0.210999372495289,TCRen
D,W,0.201211366129126,TCRen
D,Y,-0.126183343729523,TCRen
E,A,-0.0858193273006744,TCRen
E,C,-0.0807560253441278,TCRen
E,D,1.16766854155264,TCRen
E,E,0.477415719019061,TCRen
E,F,1.36794390196319,TCRen
E,G,0.180053028856557,TCRen
E,H,-0.79225234457227,TCRen
E,I,-0.00773089032923794,TCRen
E,K,-0.831061619744022,TCRen
E,L,-0.369356793312981,TCRen
E,M,0.491763167427203,TCRen
E,N,0.283466124229988,TCRen
E,P,0.334759418617538,TCRen
E,Q,-0.21766010244729,TCRen
E,R,-0.0411468872490818,TCRen
E,S,-0.132581093208714,TCRen
E,T,-0.192873323464834,TCRen
E,V,0.206926047107653,TCRen
E,W,0.533610277362703,TCRen
E,Y,-0.0657181479795871,TCRen
F,A,0.146263739052344,TCRen
F,C,-0.0309945157850638,TCRen
F,D,0.118817762443596,TCRen
F,E,0.527177228578125,TCRen
F,F,0.0314110504023658,TCRen
F,G,0.229814538415621,TCRen
F,H,-0.519347283698996,TCRen
F,I,-0.245651453221955,TCRen
F,K,-0.242303609452271,TCRen
F,L,-0.118924588291766,TCRen
F,M,0.136059568878102,TCRen
F,N,-0.072237474319113,TCRen
F,P,-0.403936432187668,TCRen
F,Q,0.643031623328103,TCRen
F,R,0.00861462230998212,TCRen
F,S,0.322645524458514,TCRen
F,T,0.262353294202394,TCRen
F,V,0.0335440053525073,TCRen
F,W,-0.109775393638178,TCRen
F,Y,-0.170107318247782,TCRen
G,A,0.0913871288265099,TCRen
G,C,0.0964504307830565,TCRen
G,D,0.0921120291844584,TCRen
G,E,-0.156308041070083,TCRen
G,F,0.0136739871259883,TCRen
G,G,-0.178258751372621,TCRen
G,H,0.30124484342907,TCRen
G,I,-0.118206506653835,TCRen
G,K,0.444757125051272,TCRen
G,L,0.126303393932738,TCRen
G,M,-0.247321108319768,TCRen
G,N,-0.167936079065202,TCRen
G,P,-0.0476499131907003,TCRen
G,Q,-0.218134823557558,TCRen
G,R,-0.0180911109491559,TCRen
G,S,0.332307435370252,TCRen
G,T,0.32917361895408,TCRen
G,V,0.112198787751196,TCRen
G,W,0.0822080740675133,TCRen
G,Y,-0.111655243166613,TCRen
H,A,-0.353298692434936,TCRen
H,C,-0.753700498586554,TCRen
H,D,-0.891570292809674,TCRen
H,E,0.2099363538848,TCRen
H,F,0.289534320612602,TCRen
H,G,0.605720844282241,TCRen
H,H,0.144241094619405,TCRen
H,I,1.11108410565639,TCRen
H,K,-0.405393804318338,TCRen
H,L,0.662446825683018,TCRen
H,M,0.511965874744722,TCRen
H,N,-0.389478349012438,TCRen
H,P,0.578105677249267,TCRen
H,Q,-0.639290147408809,TCRen
H,R,1.07766810873655,TCRen
H,S,0.29308672221697,TCRen
H,T,0.925941672520795,TCRen
H,V,0.227128754425173,TCRen
H,W,-0.832481376439668,TCRen
H,Y,-0.556341064428058,TCRen
I,A,1.36946790530617,TCRen
I,C,-0.417228261965341,TCRen
I,D,0.138049124371484,TCRen
I,E,0.546408590506013,TCRen
I,F,-0.577966247092121,TCRen
I,G,0.942193080903454,TCRen
I,H,0.480713331240618,TCRen
I,I,1.4475563422776,TCRen
I,K,0.62422561286282,TCRen
I,L,0.0826283304300761,TCRen
I,M,-0.760999801068165,TCRen
I,N,-0.746153292951171,TCRen
I,P,0.509112805762316,TCRen
I,Q,1.64309223826772,TCRen
I,R,0.720993164797815,TCRen
I,S,-0.0635882217217623,TCRen
I,T,-1.13548136365636,TCRen
I,V,-0.940476405729888,TCRen
I,W,-0.496009139818455,TCRen
I,Y,0.69642190406731,TCRen
K,A,-0.0606290784721158,TCRen
K,C,-0.461030884623734,TCRen
K,D,-0.598900678846854,TCRen
K,E,-0.750157000647748,TCRen
K,F,0.987669042683587,TCRen
K,G,0.205243277685115,TCRen
K,H,-0.25623647197772,TCRen
K,I,0.305141430951102,TCRen
K,K,0.580422990204427,TCRen
K,L,0.0388257077716831,TCRen
K,M,-0.293976799960567,TCRen
K,N,-0.0968087350496181,TCRen
K,P,-0.227836997456022,TCRen
K,Q,-0.0101482968247764,TCRen
K,R,-0.0159566384205233,TCRen
K,S,-0.51285595248832,TCRen
K,T,-0.167683074636275,TCRen
K,V,0.519798368387993,TCRen
K,W,0.153335418083097,TCRen
K,Y,0.652619281408917,TCRen
L,A,-0.239970007127933,TCRen
L,C,0.275918918594605,TCRen
L,D,0.831196304931429,TCRen
L,E,0.140943482397848,TCRen
L,F,0.115180933467825,TCRen
L,G,0.131262864687125,TCRen
L,H,1.17386051180056,TCRen
L,I,-0.749668235058615,TCRen
L,K,0.218760504754656,TCRen
L,L,0.305771881744286,TCRen
L,M,-0.250174177302174,TCRen
L,N,-0.0530061123912252,TCRen
L,P,-0.184034374797629,TCRen
L,Q,-0.148667230960338,TCRen
L,R,1.0086752372496,TCRen
L,S,0.224093850730019,TCRen
L,T,-0.347024003292092,TCRen
L,V,-0.447999920632094,TCRen
L,W,0.890285221301436,TCRen
L,Y,0.290956795959145,TCRen
M,A,0.33984848812501,TCRen
M,C,-0.753700498586554,TCRen
M,D,-0.198423112249729,TCRen
M,E,-0.195528754223364,TCRen
M,F,0.289534320612602,TCRen
M,G,0.200255736174076,TCRen
M,H,-0.54890608594054,TCRen
M,I,0.0124718169882816,TCRen
M,K,0.287753376241608,TCRen
M,L,-0.253843906191137,TCRen
M,M,0.511965874744722,TCRen
M,N,0.303668831547507,TCRen
M,P,0.172640569141103,TCRen
M,Q,-0.0796743594733865,TCRen
M,R,-0.0209441799315622,TCRen
M,S,0.29308672221697,TCRen
M,T,-0.172670616147314,TCRen
M,V,-0.466018426134773,TCRen
M,W,0.553812984680223,TCRen
M,Y,-0.0455154406620678,TCRen
N,A,-0.129428132728109,TCRen
N,C,1.1749181533587,TCRen
N,D,-0.141606637206068,TCRen
N,E,0.0591134641502162,TCRen
N,F,0.0978894363577636,TCRen
N,G,0.00861085191923759,TCRen
N,H,0.126949597509344,TCRen
N,I,0.0952637784352033,TCRen
N,K,-0.309356616121395,TCRen
N,L,0.0261161201667339,TCRen
N,M,-0.0443221230980256,TCRen
N,N,0.0350629061565399,TCRen
N,P,-0.0959653562498642,TCRen
N,Q,-0.23049724920797,TCRen
N,R,-0.0847556926765163,TCRen
N,S,-0.343243983299314,TCRen
N,T,-0.0898786547003927,TCRen
N,V,0.769453045250534,TCRen
N,W,0.872993724191375,TCRen
N,Y,0.0913437420551296,TCRen
P,A,1.4776814899464,TCRen
P,C,-0.309014677325108,TCRen
P,D,-0.159202399096448,TCRen
P,E,0.249157067038081,TCRen
P,F,-0.113077718513156,TCRen
P,G,-0.202356302951681,TCRen
P,H,0.588926915880851,TCRen
P,I,0.169475565797946,TCRen
P,K,0.326974089394889,TCRen
P,L,-0.279161714175427,TCRen
P,M,-0.652786216427932,TCRen
P,N,-0.350257635859157,TCRen
P,P,1.02279149851071,TCRen
P,Q,0.365011461788059,TCRen
P,R,0.136059568878102,TCRen
P,S,0.0446253629184704,TCRen
P,T,-0.421131975445814,TCRen
P,V,-0.244476156187537,TCRen
P,W,-0.793260663286386,TCRen
P,Y,0.399170380599378,TCRen
Q,A,-0.0542528613328398,TCRen
Q,C,-0.300503987657199,TCRen
Q,D,0.100622718852367,TCRen
Q,E,-0.110057023419328,TCRen
Q,F,-0.15108704448014,TCRen
Q,G,-0.445160041564679,TCRen
Q,H,-0.383391647462967,TCRen
Q,I,-0.0451572958483548,TCRen
Q,K,0.453267814719181,TCRen
Q,L,-0.228091410088722,TCRen
Q,M,0.272015205114132,TCRen
Q,N,0.756865342476861,TCRen
Q,P,0.25811229994514,TCRen
Q,Q,1.24899088880987,TCRen
Q,R,-0.0785732927681988,TCRen
Q,S,0.0531360525863791,TCRen
Q,T,-0.00715617766974098,TCRen
Q,V,-0.472354244583858,TCRen
Q,W,0.496183871843587,TCRen
Q,Y,0.119998997815506,TCRen
R,A,0.31281981573709,TCRen
R,C,-0.886089686632299,TCRen
R,D,-0.225451784637648,TCRen
R,E,-0.75536195709605,TCRen
R,F,-0.312858496678879,TCRen
R,G,0.578692171894321,TCRen
R,H,0.234995457887869,TCRen
R,I,0.978694917610646,TCRen
R,K,0.666189811961853,TCRen
R,L,-0.00057061342489766,TCRen
R,M,0.890402310464967,TCRen
R,N,-0.298723985743974,TCRen
R,P,-0.247430691356424,TCRen
R,Q,-0.106703031861306,TCRen
R,R,-0.0102325243366347,TCRen
R,S,-0.427089130730895,TCRen
R,T,0.00509512411077958,TCRen
R,V,0.787886746939372,TCRen
R,W,0.644567347948687,TCRen
R,Y,-0.303067771661819,TCRen
S,A,-0.0551453201158595,TCRen
S,C,0.409450311219127,TCRen
S,D,-0.288035270939416,TCRen
S,E,0.120324195195113,TCRen
S,F,0.0255687747781374,TCRen
S,G,-0.0637098096603884,TCRen
S,H,0.614244723865141,TCRen
S,I,-0.168112119907132,TCRen
S,K,-0.158533726386812,TCRen
S,L,0.0338381662606441,TCRen
S,M,-0.029631407688022,TCRen
S,N,0.368207352685078,TCRen
S,P,-0.16828601782949,TCRen
S,Q,-0.0151358383358153,TCRen
S,R,-0.324130438919309,TCRen
S,S,0.0699431709027604,TCRen
S,T,0.702798121206586,TCRen
S,V,0.211624567889208,TCRen
S,W,-0.154838382415688,TCRen
S,Y,0.27033750875641,TCRen
T,A,0.0449610319519584,TCRen
T,C,0.823214222141987,TCRen
T,D,1.37849160847881,TCRen
T,E,0.0821029823749149,TCRen
T,F,0.0206223508428119,TCRen
T,G,-0.491513084415748,TCRen
T,H,-0.0706036538801097,TCRen
T,I,-0.202372931511233,TCRen
T,K,0.255230184536047,TCRen
T,L,-0.0632235465824871,TCRen
T,M,-0.213704497520783,TCRen
T,N,0.271145639841947,TCRen
T,P,0.014954234481537,TCRen
T,Q,0.0503213783188283,TCRen
T,R,0.351997736471042,TCRen
T,S,-0.0759087061098028,TCRen
T,T,0.104961120450965,TCRen
T,V,-0.210859545388552,TCRen
T,W,0.0512861637289273,TCRen
T,Y,0.0650622112730456,TCRen
V,A,0.544148951637739,TCRen
V,C,-0.143934926965659,TCRen
V,D,0.411342459371165,TCRen
V,E,0.41423681739753,TCRen
V,F,0.206152711673551,TCRen
V,G,0.116874127235025,TCRen
V,H,-0.34460562242781,TCRen
V,I,-0.476374900058934,TCRen
V,K,-0.201093340805608,TCRen
V,L,0.173600108635803,TCRen
V,M,0.0231191576975069,TCRen
V,N,-0.472859957951489,TCRen
V,P,0.782406140761997,TCRen
V,Q,-0.163055968412438,TCRen
V,R,0.588821391689332,TCRen
V,S,0.209705113277919,TCRen
V,T,-0.66151733319453,TCRen
V,V,-0.0793964058280882,TCRen
V,W,0.0649662676330074,TCRen
V,Y,-0.283047729428377,TCRen
W,A,-0.886597172052985,TCRen
W,C,-0.658390318782229,TCRen
W,D,-0.326256483759614,TCRen
W,E,0.99839371424907,TCRen
W,F,-0.125981123349063,TCRen
W,G,0.701031024086566,TCRen
W,H,0.23955127442373,TCRen
W,I,0.107781996792606,TCRen
W,K,-0.795591440295714,TCRen
W,L,0.534613454173133,TCRen
W,M,0.607276054549047,TCRen
W,N,-0.294168169208113,TCRen
W,P,-0.0197313235063529,TCRen
W,Q,0.708783000890884,TCRen
W,R,0.479831107980927,TCRen
W,S,-0.52789382985286,TCRen
W,T,-0.0773604363429894,TCRen
W,V,-0.0830261738786668,TCRen
W,W,-0.267167567389607,TCRen
W,Y,1.14840702781037,TCRen
Y,A,0.119333059217069,TCRen
Y,C,0.583928690552056,TCRen
Y,D,-0.519021999714652,TCRen
Y,E,-0.0618723694106908,TCRen
Y,F,-0.107437545636895,TCRen
Y,G,0.439272636644576,TCRen
Y,H,-0.389931893143577,TCRen
Y,I,-0.116236062666536,TCRen
Y,K,0.932235384820272,TCRen
Y,L,-0.0476168285436277,TCRen
Y,M,-0.0222071130182595,TCRen
Y,N,0.137220623909843,TCRen
Y,P,-0.0301752826674365,TCRen
Y,Q,0.00519186116985499,TCRen
Y,R,-0.110431346433099,TCRen
Y,S,0.53210362268747,TCRen
Y,T,0.55882276942098,TCRen
Y,V,-0.184441911245477,TCRen
Y,W,-0.550904861550372,TCRen
Y,Y,-0.0516209982245528,TCRen
