Entry ID,"Deposition Date","Release Date","PDB ID",
1HHH,"1993-06-30","1993-10-31","1HHH",
1HHG,"1993-06-30","1993-10-31","1HHG",
1HHK,"1993-06-30","1993-10-31","1HHK",
1HHJ,"1993-06-30","1993-10-31","1HHJ",
1HHI,"1993-06-30","1993-10-31","1HHI",
1HOC,"1994-01-02","1994-04-30","1HOC",
1BEC,"1995-02-28","1995-10-25","1BEC",
1SEB,"1995-11-26","1996-06-20","1SEB",
1TCR,"1996-09-12","1997-03-12","1TCR",
1AGF,"1997-03-24","1997-06-16","1AGF",
1AGE,"1997-03-24","1997-06-16","1AGE",
1AGD,"1997-03-24","1997-06-16","1AGD",
1AGC,"1997-03-24","1997-06-16","1AGC",
1AGB,"1997-03-24","1997-06-16","1AGB",
1WIQ,"1996-12-18","1997-07-07","1WIQ",
1WIP,"1996-12-18","1997-07-07","1WIP",
1WIO,"1996-12-18","1997-07-07","1WIO",
1QIL,"1997-03-27","1997-08-12","1QIL",
1AKJ,"1997-05-21","1997-09-17","1AKJ",
1AO7,"1997-07-21","1997-09-17","1AO7",
1CD1,"1997-04-02","1997-10-15","1CD1",
1JCK,"1996-10-22","1997-11-12","1JCK",
1AWJ,"1997-10-02","1998-01-14","1AWJ",
2SEB,"1997-10-16","1998-01-28","2SEB",
1NFD,"1997-08-04","1998-01-28","1NFD",
1AC6,"1997-02-13","1998-02-25","1AC6",
1KB5,"1997-04-06","1998-04-08","1KB5",
1TVD,"1997-10-19","1998-04-22","1TVD",
2CKB,"1998-01-14","1998-04-29","2CKB",
3SEB,"1997-11-26","1998-05-27","3SEB",
1LDP,"1998-03-15","1998-06-17","1LDP",
1BD2,"1998-05-12","1998-08-19","1BD2",
2LEF,"1998-10-13","1998-10-21","2LEF",
1B0G,"1998-11-09","1998-11-18","1B0G",
1OSZ,"1998-06-18","1999-01-13","1OSZ",
1KBG,"1998-08-28","1999-02-09","1KBG",
1B88,"1999-02-09","1999-02-16","1B88",
1SBB,"1999-02-22","1999-03-01","1SBB",
1CE6,"1999-03-17","1999-03-26","1CE6",
1BZ9,"1998-11-06","1999-05-24","1BZ9",
1B3J,"1998-12-11","1999-07-09","1B3J",
1BWM,"1998-09-23","1999-07-22","1BWM",
1QLF,"1999-08-30","1999-09-01","1QLF",
1QRN,"1999-06-14","1999-10-14","1QRN",
1D9K,"1999-10-28","1999-12-15","1D9K",
1QSF,"1999-06-21","1999-12-21","1QSF",
1QSE,"1999-06-21","1999-12-21","1QSE",
1QO3,"1999-11-01","2000-01-02","1QO3",
1I1F,"1999-04-16","2000-01-12","1I1F",
1I1Y,"1999-04-16","2000-01-21","1I1Y",
1C16,"1999-07-20","2000-01-26","1C16",
1DUY,"2000-01-19","2000-02-04","1DUY",
1DUZ,"2000-01-19","2000-02-04","1DUZ",
1ENF,"2000-03-21","2000-04-19","1ENF",
1ET9,"2000-04-12","2000-04-26","1ET9",
1EU4,"2000-04-13","2000-04-26","1EU4",
1EU3,"2000-04-13","2000-04-26","1EU3",
1ET6,"2000-04-12","2000-05-10","1ET6",
1EWC,"2000-04-25","2000-05-31","1EWC",
1F77,"2000-06-26","2000-07-19","1F77",
1FO0,"2000-08-24","2000-10-02","1FO0",
1FG2,"2000-07-27","2000-10-04","1FG2",
1FYT,"2000-10-03","2000-11-08","1FYT",
1G6R,"2000-11-07","2000-11-15","1G6R",
1HQR,"2000-12-19","2001-01-03","1HQR",
1ED3,"2000-01-26","2001-02-28","1ED3",
1FNG,"2000-08-21","2001-03-07","1FNG",
1FNE,"2000-08-21","2001-03-07","1FNE",
1HXM,"2001-01-16","2001-06-20","1HXM",
1H5B,"2001-05-21","2001-06-21","1H5B",
1HXY,"2001-01-17","2001-06-27","1HXY",
1JL4,"2001-07-15","2001-09-19","1JL4",
1JPG,"2001-08-02","2001-10-24","1JPG",
1JPF,"2001-08-02","2001-10-24","1JPF",
1JBJ,"2001-06-05","2001-12-05","1JBJ",
1I9E,"2001-03-19","2001-12-05","1I9E",
1GOZ,"2001-10-29","2002-02-13","1GOZ",
1J8H,"2001-05-21","2002-03-13","1J8H",
1INQ,"2001-05-14","2002-03-20","1INQ",
1JUF,"2001-08-24","2002-03-20","1JUF",
1KJ3,"2001-12-04","2002-03-27","1KJ3",
1KJ2,"2001-12-04","2002-03-27","1KJ2",
1L0Y,"2002-02-14","2002-04-03","1L0Y",
1L0X,"2002-02-14","2002-04-03","1L0X",
1KTK,"2002-01-16","2002-06-07","1KTK",
1LEG,"2002-04-09","2002-06-19","1LEG",
1LEK,"2002-04-09","2002-06-26","1LEK",
1JE6,"2001-06-15","2002-08-07","1JE6",
1H15,"2002-07-02","2002-10-03","1H15",
1MWA,"2002-09-27","2002-11-27","1MWA",
1FFP,"2000-07-25","2002-12-11","1FFP",
1FFO,"2000-07-25","2002-12-11","1FFO",
1FFN,"2000-07-25","2002-12-11","1FFN",
1KGC,"2001-11-26","2002-12-11","1KGC",
1LO5,"2002-05-06","2002-12-18","1LO5",
1N59,"2002-11-05","2003-01-07","1N59",
1N5A,"2002-11-05","2003-01-07","1N5A",
1MI5,"2002-08-21","2003-02-04","1MI5",
1K2D,"2001-09-26","2003-03-04","1K2D",
1H3H,"2002-09-03","2003-03-06","1H3H",
1NAN,"2002-11-28","2003-03-11","1NAN",
1NAM,"2002-11-28","2003-03-11","1NAM",
1OEB,"2003-03-24","2003-04-02","1OEB",
1NEZ,"2002-12-12","2003-04-08","1NEZ",
1OGA,"2003-04-28","2003-06-19","1OGA",
1ONQ,"2003-02-28","2003-08-05","1ONQ",
1M05,"2002-06-11","2003-09-02","1M05",
1PZU,"2003-07-14","2003-09-09","1PZU",
1LK2,"2002-04-23","2003-11-11","1LK2",
1LP9,"2002-05-07","2003-11-11","1LP9",
1R5V,"2003-10-13","2004-02-03","1R5V",
1R5W,"2003-10-13","2004-03-02","1R5W",
1R5I,"2003-10-10","2004-03-16","1R5I",
1RI9,"2003-11-17","2004-04-20","1RI9",
1S7T,"2004-01-30","2004-05-04","1S7T",
1S7S,"2004-01-30","2004-05-04","1S7S",
1S7R,"2004-01-30","2004-05-04","1S7R",
1S7Q,"2004-01-30","2004-05-04","1S7Q",
1S7X,"2004-01-30","2004-05-04","1S7X",
1S7W,"2004-01-30","2004-05-04","1S7W",
1S7V,"2004-01-30","2004-05-04","1S7V",
1S7U,"2004-01-30","2004-05-04","1S7U",
1TY0,"2004-07-06","2004-08-03","1TY0",
1TY2,"2004-07-07","2004-08-17","1TY2",
1XJD,"2004-09-23","2004-10-19","1XJD",
1W72,"2004-08-27","2004-11-09","1W72",
1XIW,"2004-09-22","2004-11-16","1XIW",
1T0N,"2004-04-12","2004-11-23","1T0N",
1T0M,"2004-04-12","2004-11-23","1T0M",
1XH3,"2004-09-17","2004-11-23","1XH3",
1XMW,"2004-10-04","2004-11-30","1XMW",
1RJZ,"2003-11-20","2004-12-14","1RJZ",
1RJY,"2003-11-20","2004-12-14","1RJY",
1RK1,"2003-11-20","2004-12-14","1RK1",
1RK0,"2003-11-20","2004-12-14","1RK0",
1WBZ,"2004-11-05","2005-01-19","1WBZ",
1WBY,"2004-11-05","2005-01-19","1WBY",
1WBX,"2004-11-05","2005-01-19","1WBX",
1XZ0,"2004-11-11","2005-03-01","1XZ0",
1YPZ,"2005-01-31","2005-04-12","1YPZ",
1YMM,"2005-01-21","2005-05-03","1YMM",
1U3H,"2004-07-21","2005-05-17","1U3H",
1ZHL,"2005-04-26","2005-05-17","1ZHL",
1ZHK,"2005-04-26","2005-05-17","1ZHK",
2BNR,"2005-03-31","2005-05-23","2BNR",
2BNQ,"2005-03-31","2005-05-23","2BNQ",
2BNU,"2005-04-04","2005-05-24","2BNU",
1ZSD,"2005-05-24","2005-06-07","1ZSD",
1ZHB,"2005-04-25","2005-06-14","1ZHB",
1ZHN,"2005-04-26","2005-07-19","1ZHN",
1YWO,"2005-02-18","2005-08-16","1YWO",
1S8D,"2004-02-02","2005-09-06","1S8D",
1T22,"2004-04-19","2005-09-06","1T22",
1T21,"2004-04-19","2005-09-06","1T21",
1T20,"2004-04-19","2005-09-06","1T20",
1T1Z,"2004-04-19","2005-09-06","1T1Z",
1T1Y,"2004-04-19","2005-09-06","1T1Y",
1T1X,"2004-04-19","2005-09-06","1T1X",
1T1W,"2004-04-19","2005-09-06","1T1W",
2AXH,"2005-09-05","2005-09-20","2AXH",
2AXJ,"2005-09-05","2005-09-20","2AXJ",
2AK4,"2005-08-03","2005-10-11","2AK4",
2AV7,"2005-08-29","2005-10-18","2AV7",
2AV1,"2005-08-29","2005-10-18","2AV1",
1ZGL,"2005-04-21","2005-10-18","1ZGL",
1ZT1,"2005-05-26","2005-10-18","1ZT1",
1ZT7,"2005-05-26","2005-10-18","1ZT7",
2AKR,"2005-08-03","2005-12-06","2AKR",
2A83,"2005-07-07","2005-12-27","2A83",
2BCK,"2005-10-19","2006-01-10","2BCK",
2ETZ,"2005-10-27","2006-02-07","2ETZ",
2EU0,"2005-10-27","2006-02-07","2EU0",
2F74,"2005-11-30","2006-02-14","2F74",
2CDG,"2006-01-23","2006-03-07","2CDG",
2CDF,"2006-01-23","2006-03-07","2CDF",
2CDE,"2006-01-23","2006-03-07","2CDE",
2C7U,"2005-11-29","2006-03-08","2C7U",
2ESV,"2005-10-27","2006-03-21","2ESV",
2EYT,"2005-11-09","2006-03-21","2EYT",
2EYS,"2005-11-09","2006-03-21","2EYS",
2EYR,"2005-11-09","2006-03-21","2EYR",
2FIK,"2005-12-29","2006-03-21","2FIK",
2F54,"2005-11-25","2006-04-25","2F54",
2F53,"2005-11-25","2006-04-25","2F53",
2ARJ,"2005-08-19","2006-05-30","2ARJ",
2CLZ,"2006-05-03","2006-06-14","2CLZ",
2CLV,"2006-05-02","2006-06-14","2CLV",
2FSE,"2006-01-22","2006-09-19","2FSE",
2GAZ,"2006-03-09","2006-09-26","2GAZ",
2GJ6,"2006-03-30","2006-10-03","2GJ6",
2GIT,"2006-03-29","2006-10-03","2GIT",
2HJK,"2006-06-30","2006-10-03","2HJK",
2HJL,"2006-06-30","2006-10-03","2HJL",
2CIK,"2006-03-22","2006-10-25","2CIK",
2HAC,"2006-06-12","2006-10-31","2HAC",
2FYY,"2006-02-08","2006-12-26","2FYY",
2FZ3,"2006-02-09","2006-12-26","2FZ3",
2IJ0,"2006-09-28","2007-02-20","2IJ0",
2JA8,"2006-11-23","2007-02-20","2JA8",
2JA7,"2006-11-23","2007-02-20","2JA7",
2JA6,"2006-11-23","2007-02-20","2JA6",
2JA5,"2006-11-23","2007-02-20","2JA5",
2NX5,"2006-11-16","2007-02-27","2NX5",
2OG8,"2007-01-05","2007-02-27","2OG8",
2OFV,"2007-01-04","2007-02-27","2OFV",
2OFU,"2007-01-04","2007-02-27","2OFU",
2NW2,"2006-11-14","2007-02-27","2NW2",
2NW3,"2006-11-14","2007-02-27","2NW3",
2ICW,"2006-09-13","2007-03-20","2ICW",
2ICI,"2006-09-12","2007-03-27","2ICI",
2OL3,"2007-01-18","2007-04-03","2OL3",
2IAN,"2006-09-08","2007-04-03","2IAN",
2IAM,"2006-09-08","2007-04-03","2IAM",
2IAL,"2006-09-08","2007-04-03","2IAL",
2OI9,"2007-01-10","2007-04-24","2OI9",
2E7L,"2007-01-11","2007-04-24","2E7L",
2OZO,"2007-02-26","2007-05-22","2OZO",
2GT9,"2006-04-27","2007-06-12","2GT9",
2GTZ,"2006-04-28","2007-06-12","2GTZ",
2GTW,"2006-04-28","2007-06-12","2GTW",
2GUO,"2006-05-01","2007-06-12","2GUO",
2NTT,"2006-11-08","2007-06-26","2NTT",
2NTS,"2006-11-08","2007-06-26","2NTS",
2PO6,"2007-04-25","2007-07-03","2PO6",
2IKQ,"2006-10-02","2007-08-14","2IKQ",
2UWE,"2007-03-20","2007-09-25","2UWE",
2PYF,"2007-05-16","2007-09-25","2PYF",
2PYE,"2007-05-16","2007-09-25","2PYE",
2P5E,"2007-03-15","2007-09-25","2P5E",
2P5W,"2007-03-16","2007-09-25","2P5W",
2J4X,"2006-09-07","2007-09-25","2J4X",
2PXY,"2007-05-14","2007-10-09","2PXY",
2JCC,"2006-12-21","2007-10-09","2JCC",
2Z35,"2007-06-01","2007-10-09","2Z35",
2Z31,"2007-05-30","2007-10-09","2Z31",
2J8U,"2006-10-27","2007-10-16","2J8U",
2V2W,"2007-06-07","2007-11-06","2V2W",
2V2X,"2007-06-07","2007-11-06","2V2X",
2H0Q,"2006-05-15","2007-11-06","2H0Q",
2R7Z,"2007-09-10","2007-11-20","2R7Z",
2P8V,"2007-03-23","2007-11-20","2P8V",
2P24,"2007-03-06","2008-01-15","2P24",
2VLR,"2008-01-15","2008-01-22","2VLR",
2VLJ,"2008-01-15","2008-01-22","2VLJ",
2VLK,"2008-01-15","2008-01-22","2VLK",
2VLL,"2008-01-15","2008-01-22","2VLL",
2VLM,"2008-01-15","2008-01-22","2VLM",
2P1Y,"2007-03-06","2008-02-05","2P1Y",
2EAP,"2007-01-31","2008-02-05","2EAP",
3BUY,"2008-01-03","2008-03-25","3BUY",
2Q86,"2007-06-08","2008-04-01","2Q86",
2Q7Y,"2007-06-07","2008-04-01","2Q7Y",
2ENN,"2007-03-28","2008-04-01","2ENN",
2ENZ,"2007-03-28","2008-04-01","2ENZ",
2ENJ,"2007-03-28","2008-04-01","2ENJ",
3BWA,"2008-01-08","2008-04-22","3BWA",
3BW9,"2008-01-08","2008-04-22","3BW9",
3C5Z,"2008-02-01","2008-04-29","3C5Z",
3C60,"2008-02-01","2008-04-29","3C60",
3C6L,"2008-02-04","2008-04-29","3C6L",
2ZOK,"2008-05-22","2008-06-10","2ZOK",
2ZOL,"2008-05-22","2008-06-10","2ZOL",
2JXB,"2007-11-09","2008-09-23","2JXB",
3CVH,"2008-04-18","2008-09-23","3CVH",
3CVI,"2008-04-18","2008-09-23","3CVI",
3E2H,"2008-08-05","2008-11-04","3E2H",
3E3Q,"2008-08-07","2008-11-04","3E3Q",
3B9K,"2007-11-05","2008-11-11","3B9K",
3CPL,"2008-03-31","2008-11-18","3CPL",
3ERY,"2008-10-03","2008-11-25","3ERY",
2K4F,"2008-06-07","2008-12-02","2K4F",
3BO8,"2007-12-17","2008-12-23","3BO8",
3DXA,"2008-07-23","2009-01-27","3DXA",
3DX7,"2008-07-23","2009-01-27","3DX7",
3DX8,"2008-07-23","2009-01-27","3DX8",
3DX9,"2008-07-24","2009-01-27","3DX9",
3DX6,"2008-07-23","2009-01-27","3DX6",
3FFC,"2008-12-03","2009-01-27","3FFC",
3D25,"2008-05-07","2009-02-10","3D25",
3DB1,"2008-05-30","2009-03-03","3DB1",
3FQW,"2009-01-07","2009-03-03","3FQW",
3FQX,"2009-01-07","2009-03-03","3FQX",
3FQN,"2009-01-07","2009-03-03","3FQN",
3FQR,"2009-01-07","2009-03-03","3FQR",
3FQT,"2009-01-07","2009-03-03","3FQT",
3FQU,"2009-01-07","2009-03-03","3FQU",
3D4I,"2008-05-14","2009-03-03","3D4I",
3D6A,"2008-05-19","2009-03-03","3D6A",
2WBJ,"2009-03-02","2009-04-07","2WBJ",
2ROR,"2008-04-08","2009-04-21","2ROR",
3GJF,"2009-03-08","2009-04-28","3GJF",
3GJE,"2009-03-08","2009-04-28","3GJE",
3HAE,"2009-05-01","2009-05-19","3HAE",
3D39,"2008-05-09","2009-06-16","3D39",
3D3V,"2008-05-12","2009-06-16","3D3V",
3HE6,"2009-05-07","2009-07-28","3HE6",
3HE7,"2009-05-08","2009-07-28","3HE7",
3HG1,"2009-05-13","2009-07-28","3HG1",
3HUJ,"2009-06-14","2009-07-28","3HUJ",
3GSW,"2009-03-27","2009-08-04","3GSW",
3GSX,"2009-03-27","2009-08-04","3GSX",
3GSO,"2009-03-27","2009-08-04","3GSO",
3GSQ,"2009-03-27","2009-08-04","3GSQ",
3GSR,"2009-03-27","2009-08-04","3GSR",
3GSU,"2009-03-27","2009-08-04","3GSU",
3GSV,"2009-03-27","2009-08-04","3GSV",
3GSN,"2009-03-27","2009-08-04","3GSN",
3GMQ,"2009-03-14","2009-11-10","3GMQ",
3GMR,"2009-03-14","2009-11-10","3GMR",
3GML,"2009-03-14","2009-11-10","3GML",
3GMM,"2009-03-14","2009-11-10","3GMM",
3GMN,"2009-03-14","2009-11-10","3GMN",
3GMO,"2009-03-14","2009-11-10","3GMO",
3GMP,"2009-03-14","2009-11-10","3GMP",
3G08,"2009-01-27","2009-12-08","3G08",
3KPP,"2009-11-16","2009-12-22","3KPP",
3KPQ,"2009-11-16","2009-12-22","3KPQ",
3KPR,"2009-11-16","2009-12-22","3KPR",
3KPS,"2009-11-16","2009-12-22","3KPS",
3KPL,"2009-11-16","2009-12-22","3KPL",
3KPM,"2009-11-16","2009-12-22","3KPM",
3KPN,"2009-11-16","2009-12-22","3KPN",
3KPO,"2009-11-16","2009-12-22","3KPO",
3FTG,"2009-01-12","2009-12-29","3FTG",
3H7B,"2009-04-24","2010-01-12","3H7B",
3H9S,"2009-04-30","2010-01-12","3H9S",
3H9H,"2009-04-30","2010-01-12","3H9H",
3IXA,"2009-09-03","2010-01-12","3IXA",
3IK5,"2009-08-05","2010-02-02","3IK5",
3IOZ,"2009-08-15","2010-02-02","3IOZ",
3KLA,"2009-11-07","2010-02-16","3KLA",
3L3J,"2009-12-17","2010-03-16","3L3J",
3L3K,"2009-12-17","2010-03-16","3L3K",
3L3D,"2009-12-16","2010-03-16","3L3D",
3L3G,"2009-12-16","2010-03-16","3L3G",
3L3H,"2009-12-17","2010-03-16","3L3H",
3L3I,"2009-12-17","2010-03-16","3L3I",
3MBE,"2010-03-25","2010-05-12","3MBE",
3L6F,"2009-12-23","2010-05-12","3L6F",
3MFF,"2010-04-02","2010-06-02","3MFF",
3KXF,"2009-12-03","2010-06-09","3KXF",
3KWW,"2009-12-01","2010-06-09","3KWW",
3MV7,"2010-05-03","2010-06-09","3MV7",
3MV8,"2010-05-03","2010-06-09","3MV8",
3MV9,"2010-05-03","2010-06-09","3MV9",
3MBK,"2010-03-25","2010-06-23","3MBK",
3I6L,"2009-07-07","2010-07-14","3I6L",
3O8X,"2010-08-03","2010-09-29","3O8X",
3O9W,"2010-08-04","2010-09-29","3O9W",
3MC0,"2010-03-26","2010-10-13","3MC0",
3OF6,"2010-08-13","2010-10-20","3OF6",
2XFX,"2010-05-28","2010-10-27","2XFX",
2L35,"2010-09-06","2010-11-03","2L35",
2L34,"2010-09-06","2010-11-03","2L34",
3OWE,"2010-09-17","2010-11-03","3OWE",
2XNA,"2010-07-31","2010-11-24","2XNA",
2XN9,"2010-07-31","2010-11-24","2XN9",
3OCH,"2010-08-10","2010-12-08","3OCH",
3PL6,"2010-11-13","2010-12-22","3PL6",
3OEF,"2010-08-12","2011-01-12","3OEF",
3ODY,"2010-08-12","2011-01-12","3ODY",
3ODZ,"2010-08-12","2011-01-12","3ODZ",
3O4L,"2010-07-27","2011-01-12","3O4L",
3OD6,"2010-08-11","2011-01-12","3OD6",
3OMZ,"2010-08-27","2011-01-26","3OMZ",
3O6F,"2010-07-29","2011-03-02","3O6F",
3PWN,"2010-12-08","2011-03-09","3PWN",
3PWP,"2010-12-08","2011-03-09","3PWP",
3Q5Y,"2010-12-30","2011-03-09","3Q5Y",
3PWJ,"2010-12-08","2011-03-09","3PWJ",
3PWL,"2010-12-08","2011-03-09","3PWL",
3Q5T,"2010-12-29","2011-03-16","3Q5T",
3ARB,"2010-11-26","2011-03-30","3ARB",
3ARD,"2010-11-27","2011-03-30","3ARD",
3ARE,"2010-11-27","2011-03-30","3ARE",
3ARF,"2010-11-27","2011-03-30","3ARF",
3ARG,"2010-11-27","2011-03-30","3ARG",
3R8B,"2011-03-23","2011-04-06","3R8B",
3QIB,"2011-01-26","2011-04-27","3QIB",
3QJF,"2011-01-28","2011-04-27","3QJF",
3QJH,"2011-01-28","2011-04-27","3QJH",
3QIU,"2011-01-27","2011-04-27","3QIU",
3QIW,"2011-01-27","2011-04-27","3QIW",
3OX8,"2010-09-21","2011-05-04","3OX8",
3OXR,"2010-09-21","2011-05-04","3OXR",
3OXS,"2010-09-22","2011-05-04","3OXS",
3PQY,"2010-11-28","2011-05-18","3PQY",
3MRR,"2010-04-29","2011-05-25","3MRR",
3MRH,"2010-04-29","2011-05-25","3MRH",
3MRL,"2010-04-29","2011-05-25","3MRL",
3MRO,"2010-04-29","2011-05-25","3MRO",
3MRC,"2010-04-29","2011-05-25","3MRC",
3MRD,"2010-04-29","2011-05-25","3MRD",
3MRE,"2010-04-29","2011-05-25","3MRE",
3MRG,"2010-04-29","2011-05-25","3MRG",
3QUX,"2011-02-24","2011-06-29","3QUX",
3QUY,"2011-02-24","2011-06-29","3QUY",
3QUZ,"2011-02-24","2011-06-29","3QUZ",
3QZW,"2011-03-07","2011-06-29","3QZW",
3QDG,"2011-01-18","2011-07-06","3QDG",
3QDJ,"2011-01-18","2011-07-06","3QDJ",
3QDM,"2011-01-18","2011-07-06","3QDM",
3QEQ,"2011-01-20","2011-07-06","3QEQ",
3QEU,"2011-01-20","2011-07-06","3QEU",
3NFN,"2010-06-10","2011-07-13","3NFN",
3RGV,"2011-04-09","2011-07-20","3RGV",
3AXL,"2011-04-11","2011-08-03","3AXL",
3RUG,"2011-05-05","2011-08-03","3RUG",
3PWU,"2010-12-09","2011-08-24","3PWU",
3PWV,"2010-12-09","2011-08-24","3PWV",
3RZC,"2011-05-11","2011-08-24","3RZC",
3T1F,"2011-07-21","2011-09-21","3T1F",
3QFD,"2011-01-21","2011-09-28","3QFD",
3SDA,"2011-06-08","2011-10-05","3SDA",
3SDC,"2011-06-09","2011-10-05","3SDC",
3SCM,"2011-06-08","2011-10-05","3SCM",
3SDX,"2011-06-09","2011-10-05","3SDX",
3SDD,"2011-06-09","2011-10-05","3SDD",
3AU1,"2011-01-28","2011-10-12","3AU1",
3P4O,"2010-10-06","2011-10-12","3P4O",
3P4M,"2010-10-06","2011-10-12","3P4M",
3P4N,"2010-10-06","2011-10-12","3P4N",
3P9L,"2010-10-18","2011-10-19","3P9L",
3P9M,"2010-10-18","2011-10-19","3P9M",
3PAB,"2010-10-19","2011-10-19","3PAB",
3UBX,"2011-10-25","2011-11-16","3UBX",
3TA3,"2011-08-03","2011-11-23","3TA3",
3TJH,"2011-08-24","2011-12-07","3TJH",
3TPU,"2011-09-08","2011-12-07","3TPU",
3RDT,"2011-04-01","2011-12-07","3RDT",
3TF7,"2011-08-15","2011-12-07","3TF7",
3TFK,"2011-08-15","2011-12-07","3TFK",
3TN0,"2011-09-01","2011-12-14","3TN0",
3TO4,"2011-09-04","2011-12-14","3TO4",
3QH3,"2011-01-25","2012-01-04","3QH3",
3QFJ,"2011-01-21","2012-01-11","3QFJ",
3REV,"2011-04-05","2012-01-18","3REV",
3REW,"2011-04-05","2012-01-18","3REW",
3UTP,"2011-11-26","2012-01-25","3UTP",
3UTQ,"2011-11-26","2012-01-25","3UTQ",
3UTS,"2011-11-26","2012-01-25","3UTS",
3UTT,"2011-11-26","2012-01-25","3UTT",
3R06,"2011-03-07","2012-01-25","3R06",
3R08,"2011-03-07","2012-01-25","3R08",
3TVM,"2011-09-20","2012-02-01","3TVM",
3QI9,"2011-01-26","2012-02-15","3QI9",
3RTQ,"2011-05-03","2012-02-22","3RTQ",
3VFS,"2012-01-10","2012-02-22","3VFS",
3VFT,"2012-01-10","2012-02-22","3VFT",
3VFU,"2012-01-10","2012-02-22","3VFU",
3VFV,"2012-01-10","2012-02-22","3VFV",
3VFW,"2012-01-10","2012-02-22","3VFW",
3RL1,"2011-04-19","2012-02-29","3RL1",
3RL2,"2011-04-19","2012-02-29","3RL2",
3SJV,"2011-06-22","2012-02-29","3SJV",
3SKM,"2011-06-22","2012-02-29","3SKM",
3SKN,"2011-06-22","2012-02-29","3SKN",
3SKO,"2011-06-22","2012-02-29","3SKO",
3T0E,"2011-07-20","2012-03-07","3T0E",
3VFM,"2012-01-10","2012-03-07","3VFM",
3VFN,"2012-01-10","2012-03-07","3VFN",
3VFO,"2012-01-10","2012-03-07","3VFO",
3VFP,"2012-01-10","2012-03-07","3VFP",
3VFR,"2012-01-10","2012-03-07","3VFR",
3QUK,"2011-02-24","2012-03-21","3QUK",
3QUL,"2011-02-24","2012-03-21","3QUL",
3RWH,"2011-05-09","2012-03-21","3RWH",
3RWI,"2011-05-09","2012-03-21","3RWI",
3RWJ,"2011-05-09","2012-03-21","3RWJ",
3RWC,"2011-05-09","2012-03-21","3RWC",
3RWD,"2011-05-09","2012-03-21","3RWD",
3RWE,"2011-05-09","2012-03-21","3RWE",
3RWF,"2011-05-09","2012-03-21","3RWF",
3RWG,"2011-05-09","2012-03-21","3RWG",
4DZB,"2012-03-01","2012-03-28","4DZB",
3RI4,"2011-04-12","2012-04-04","3RI4",
3ROL,"2011-04-26","2012-04-04","3ROL",
3ROO,"2011-04-26","2012-04-04","3ROO",
3U0P,"2011-09-28","2012-04-25","3U0P",
3TYF,"2011-09-24","2012-04-25","3TYF",
3TZV,"2011-09-27","2012-04-25","3TZV",
3SPV,"2011-07-04","2012-07-04","3SPV",
4EI5,"2012-04-04","2012-07-25","4EI5",
4EI6,"2012-04-04","2012-07-25","4EI6",
4ELK,"2012-04-10","2012-07-25","4ELK",
4ELM,"2012-04-11","2012-07-25","4ELM",
3TBY,"2011-08-08","2012-08-08","3TBY",
3TBS,"2011-08-08","2012-08-08","3TBS",
3TBT,"2011-08-08","2012-08-08","3TBT",
3TBV,"2011-08-08","2012-08-08","3TBV",
3TBW,"2011-08-08","2012-08-08","3TBW",
4GKS,"2012-08-13","2012-09-12","4GKS",
4GKN,"2012-08-13","2012-09-12","4GKN",
3VWJ,"2012-08-24","2012-10-03","3VWJ",
3VWK,"2012-08-24","2012-10-03","3VWK",
4GG6,"2012-08-06","2012-10-24","4GG6",
4GG8,"2012-08-06","2012-10-24","4GG8",
4EN3,"2012-04-12","2012-10-31","4EN3",
4GKZ,"2012-08-13","2012-11-07","4GKZ",
4F7C,"2012-05-15","2012-11-14","4F7C",
4F7E,"2012-05-15","2012-11-14","4F7E",
4HCT,"2012-10-01","2012-11-14","4HCT",
4HCU,"2012-10-01","2012-11-14","4HCU",
4HCV,"2012-10-01","2012-11-14","4HCV",
4H1L,"2012-09-10","2012-11-14","4H1L",
3VCL,"2012-01-04","2012-11-21","3VCL",
2YPK,"2012-10-30","2012-11-28","2YPK",
2YPL,"2012-10-30","2012-11-28","2YPL",
4I4W,"2012-11-28","2013-01-02","4I4W",
4G9D,"2012-07-23","2013-03-20","4G9D",
4G8G,"2012-07-23","2013-03-20","4G8G",
4G8I,"2012-07-23","2013-03-20","4G8I",
4G9F,"2012-07-23","2013-03-20","4G9F",
4JRX,"2013-03-22","2013-04-10","4JRX",
4JRY,"2013-03-22","2013-04-10","4JRY",
4IIQ,"2012-12-20","2013-04-24","4IIQ",
4APQ,"2012-04-05","2013-04-24","4APQ",
4EUP,"2012-04-25","2013-05-01","4EUP",
4G8E,"2012-07-23","2013-05-08","4G8E",
4G8F,"2012-07-23","2013-05-08","4G8F",
4JFH,"2013-02-28","2013-05-29","4JFH",
4JFO,"2013-02-28","2013-05-29","4JFO",
4JFD,"2013-02-28","2013-05-29","4JFD",
4JFE,"2013-02-28","2013-05-29","4JFE",
4JFF,"2013-02-28","2013-05-29","4JFF",
4JFP,"2013-02-28","2013-05-29","4JFP",
4JFQ,"2013-02-28","2013-05-29","4JFQ",
4K7F,"2013-04-17","2013-06-05","4K7F",
4FTV,"2012-06-28","2013-07-03","4FTV",
4GRM,"2012-08-25","2013-07-10","4GRM",
4L4T,"2013-06-09","2013-07-17","4L4T",
4L4V,"2013-06-09","2013-07-17","4L4V",
4JKW,"2013-03-12","2013-07-24","4JKW",
4K55,"2013-04-13","2013-07-24","4K55",
4IRJ,"2013-01-14","2013-08-28","4IRJ",
4IRS,"2013-01-15","2013-09-04","4IRS",
4IHO,"2012-12-19","2013-09-11","4IHO",
4LCW,"2013-06-24","2013-10-02","4LCW",
4LFH,"2013-06-26","2013-10-02","4LFH",
4LHU,"2013-07-01","2013-10-02","4LHU",
4LCC,"2013-06-21","2013-10-16","4LCC",
4L8S,"2013-06-17","2013-10-16","4L8S",
4L9L,"2013-06-18","2013-10-16","4L9L",
4H26,"2012-09-12","2013-10-16","4H26",
4H25,"2012-09-12","2013-10-16","4H25",
4MAY,"2013-08-18","2013-10-23","4MAY",
4IS6,"2013-01-16","2013-10-23","4IS6",
3VXM,"2012-09-20","2013-10-23","3VXM",
3VXN,"2012-09-20","2013-10-23","3VXN",
3VXO,"2012-09-20","2013-10-23","3VXO",
3VXP,"2012-09-20","2013-10-23","3VXP",
3VXQ,"2012-09-20","2013-10-23","3VXQ",
3VXR,"2012-09-20","2013-10-23","3VXR",
3VXS,"2012-09-20","2013-10-23","3VXS",
3VXT,"2012-09-20","2013-10-23","3VXT",
3VXU,"2012-09-20","2013-10-23","3VXU",
4GRL,"2012-08-25","2013-11-06","4GRL",
3W0W,"2012-11-05","2013-11-06","3W0W",
4MNQ,"2013-09-11","2013-11-13","4MNQ",
4MNG,"2013-09-10","2013-12-18","4MNG",
4MNH,"2013-09-10","2013-12-18","4MNH",
4MQ7,"2013-09-15","2013-12-18","4MQ7",
4NDM,"2013-10-27","2013-12-18","4NDM",
2MIM,"2013-12-15","2014-02-12","2MIM",
4L18,"2013-06-02","2014-03-26","4L18",
4L0Y,"2013-06-01","2014-03-26","4L0Y",
4L0Z,"2013-06-01","2014-03-26","4L0Z",
4PRP,"2014-03-06","2014-04-16","4PRP",
4PRI,"2014-03-05","2014-04-16","4PRI",
4OZG,"2014-02-16","2014-04-16","4OZG",
4OZH,"2014-02-16","2014-04-16","4OZH",
4OZI,"2014-02-16","2014-04-16","4OZI",
4OZF,"2014-02-15","2014-04-16","4OZF",
4NQC,"2013-11-25","2014-04-16","4NQC",
4NQD,"2013-11-25","2014-04-16","4NQD",
4NQE,"2013-11-25","2014-04-16","4NQE",
4PV8,"2014-03-15","2014-04-23","4PV8",
4PV9,"2014-03-15","2014-04-23","4PV9",
4PRH,"2014-03-05","2014-04-30","4PRH",
4P2O,"2014-03-04","2014-05-21","4P2O",
4P2Q,"2014-03-04","2014-05-21","4P2Q",
4P2R,"2014-03-04","2014-05-21","4P2R",
4MJI,"2013-09-03","2014-05-28","4MJI",
4P23,"2014-02-28","2014-05-28","4P23",
4P46,"2014-03-11","2014-05-28","4P46",
4P5T,"2014-03-19","2014-05-28","4P5T",
4L3E,"2013-06-05","2014-06-11","4L3E",
3WLB,"2013-11-08","2014-06-11","3WLB",
3WL9,"2013-11-08","2014-06-11","3WL9",
4PJG,"2014-05-12","2014-07-02","4PJG",
4PJH,"2014-05-12","2014-07-02","4PJH",
4PJI,"2014-05-12","2014-07-02","4PJI",
4PJA,"2014-05-12","2014-07-02","4PJA",
4PJB,"2014-05-12","2014-07-02","4PJB",
4PJC,"2014-05-12","2014-07-02","4PJC",
4PJD,"2014-05-12","2014-07-02","4PJD",
4PJE,"2014-05-12","2014-07-02","4PJE",
4PJ7,"2014-05-12","2014-07-02","4PJ7",
4PJ8,"2014-05-12","2014-07-02","4PJ8",
4PJ9,"2014-05-12","2014-07-02","4PJ9",
4PJ5,"2014-05-12","2014-07-02","4PJ5",
4PJX,"2014-05-12","2014-07-02","4PJX",
4PQN,"2014-03-03","2014-07-02","4PQN",
4PRJ,"2014-03-05","2014-07-02","4PRJ",
4PJF,"2014-05-12","2014-07-09","4PJF",
4P4R,"2014-03-13","2014-07-16","4P4R",
4P57,"2014-03-14","2014-07-16","4P57",
4P4K,"2014-03-12","2014-07-16","4P4K",
4QRT,"2014-07-02","2014-07-16","4QRT",
4C56,"2013-09-10","2014-07-23","4C56",
4P5M,"2014-03-18","2014-08-27","4P5M",
4MS8,"2013-09-18","2014-09-24","4MS8",
2MUG,"2014-09-09","2014-10-01","2MUG",
4ONO,"2014-01-28","2014-10-08","4ONO",
4ONH,"2014-01-28","2014-10-08","4ONH",
2MU7,"2014-09-04","2014-11-12","2MU7",
4QRP,"2014-07-02","2014-11-12","4QRP",
4QRQ,"2014-07-02","2014-11-12","4QRQ",
4NO0,"2013-11-19","2014-11-19","4NO0",
4NO2,"2013-11-19","2014-11-19","4NO2",
4NNX,"2013-11-19","2014-11-19","4NNX",
4NNY,"2013-11-19","2014-11-19","4NNY",
4WO4,"2014-10-15","2014-11-26","4WO4",
4WNQ,"2014-10-14","2014-11-26","4WNQ",
4QRR,"2014-07-02","2014-12-10","4QRR",
4QRS,"2014-07-02","2014-12-10","4QRS",
4QOK,"2014-06-20","2014-12-17","4QOK",
4NO3,"2013-11-19","2014-12-24","4NO3",
4NO5,"2013-11-19","2014-12-24","4NO5",
3X14,"2014-10-25","2014-12-24","3X14",
3X12,"2014-10-24","2014-12-24","3X12",
3X13,"2014-10-24","2014-12-24","3X13",
4U6X,"2014-07-30","2014-12-24","4U6X",
4U6Y,"2014-07-30","2014-12-24","4U6Y",
4P5K,"2014-03-17","2015-01-21","4P5K",
4X6B,"2014-12-07","2015-01-28","4X6B",
4X6C,"2014-12-08","2015-01-28","4X6C",
4X6D,"2014-12-08","2015-01-28","4X6D",
4X6E,"2014-12-08","2015-01-28","4X6E",
4QRU,"2014-07-02","2015-02-04","4QRU",
4X6F,"2014-12-08","2015-02-04","4X6F",
4XXC,"2015-01-30","2015-04-08","4XXC",
4RFM,"2014-09-26","2015-04-29","4RFM",
4NHU,"2013-11-05","2015-05-06","4NHU",
4Y2D,"2015-02-09","2015-05-27","4Y2D",
4Y4H,"2015-02-10","2015-05-27","4Y4H",
4Y4K,"2015-02-10","2015-05-27","4Y4K",
4Y4F,"2015-02-10","2015-05-27","4Y4F",
4Z7U,"2015-04-08","2015-06-03","4Z7U",
4Z7V,"2015-04-08","2015-06-03","4Z7V",
4Z7W,"2015-04-08","2015-06-03","4Z7W",
4Y16,"2015-02-06","2015-06-03","4Y16",
4WDI,"2014-09-08","2015-06-24","4WDI",
4Z76,"2015-04-06","2015-06-24","4Z76",
4Z77,"2015-04-06","2015-06-24","4Z77",
4Z78,"2015-04-06","2015-06-24","4Z78",
4UDT,"2014-12-11","2015-06-24","4UDT",
4UDU,"2014-12-11","2015-06-24","4UDU",
4ZAK,"2015-04-13","2015-07-01","4ZAK",
4V1P,"2014-09-30","2015-07-22","4V1P",
4N0C,"2013-10-01","2015-08-19","4N0C",
4N5E,"2013-10-09","2015-08-19","4N5E",
4MVB,"2013-09-23","2015-08-19","4MVB",
4MXQ,"2013-09-26","2015-08-19","4MXQ",
2MU9,"2014-09-04","2015-09-16","2MU9",
2MUA,"2014-09-05","2015-09-16","2MUA",
4Y1A,"2015-02-07","2015-09-23","4Y1A",
4Y19,"2015-02-07","2015-09-23","4Y19",
5D2L,"2015-08-05","2015-10-07","5D2L",
5D2N,"2015-08-05","2015-10-07","5D2N",
4WUU,"2014-11-03","2015-12-30","4WUU",
5D5M,"2015-08-11","2016-01-27","5D5M",
5D7I,"2015-08-14","2016-01-27","5D7I",
5D7K,"2015-08-14","2016-01-27","5D7K",
5D7J,"2015-08-14","2016-01-27","5D7J",
5D7L,"2015-08-14","2016-01-27","5D7L",
4WW1,"2014-11-10","2016-02-03","4WW1",
4WW2,"2014-11-10","2016-02-03","4WW2",
4WWK,"2014-11-11","2016-02-03","4WWK",
5E8P,"2015-10-14","2016-02-03","5E8P",
5E8O,"2015-10-14","2016-02-03","5E8O",
5E8N,"2015-10-14","2016-02-03","5E8N",
5EO0,"2015-11-10","2016-02-24","5EO0",
5EO1,"2015-11-10","2016-02-24","5EO1",
5BRZ,"2015-06-01","2016-03-02","5BRZ",
5BS0,"2015-06-01","2016-03-02","5BS0",
5EU6,"2015-11-18","2016-03-02","5EU6",
5EU5,"2015-11-18","2016-03-02","5EU5",
5EU4,"2015-11-18","2016-03-02","5EU4",
5EU3,"2015-11-18","2016-03-02","5EU3",
5FN6,"2015-11-10","2016-03-23","5FN6",
5FN8,"2015-11-11","2016-03-23","5FN8",
5FMV,"2015-11-09","2016-03-23","5FMV",
5FN7,"2015-11-10","2016-03-23","5FN7",
5HHN,"2016-01-11","2016-03-23","5HHN",
5HHM,"2016-01-11","2016-03-23","5HHM",
5HHP,"2016-01-11","2016-03-23","5HHP",
5HHO,"2016-01-11","2016-03-23","5HHO",
5HHQ,"2016-01-11","2016-03-23","5HHQ",
4XSQ,"2015-01-22","2016-03-23","4XSQ",
5HYJ,"2016-02-01","2016-05-04","5HYJ",
5C0J,"2015-06-12","2016-05-04","5C0J",
5C0C,"2015-06-12","2016-05-04","5C0C",
5C0B,"2015-06-12","2016-05-04","5C0B",
5C0E,"2015-06-12","2016-05-04","5C0E",
5C0D,"2015-06-12","2016-05-04","5C0D",
5C0G,"2015-06-12","2016-05-04","5C0G",
5C0F,"2015-06-12","2016-05-04","5C0F",
5C0I,"2015-06-12","2016-05-04","5C0I",
4ZDH,"2015-04-17","2016-05-04","4ZDH",
5C0A,"2015-06-12","2016-05-04","5C0A",
5C07,"2015-06-12","2016-05-04","5C07",
5C09,"2015-06-12","2016-05-04","5C09",
5C08,"2015-06-12","2016-05-04","5C08",
5FK9,"2015-10-15","2016-05-25","5FK9",
5FKA,"2015-10-15","2016-05-25","5FKA",
5E9D,"2015-10-15","2016-06-08","5E9D",
5HGD,"2016-01-08","2016-06-08","5HGD",
5HGH,"2016-01-08","2016-06-08","5HGH",
5HGA,"2016-01-08","2016-06-08","5HGA",
5HGB,"2016-01-08","2016-06-08","5HGB",
5FBK,"2015-12-14","2016-06-22","5FBK",
5FBH,"2015-12-14","2016-06-22","5FBH",
5KS9,"2016-07-08","2016-09-21","5KS9",
5KSB,"2016-07-08","2016-09-21","5KSB",
5KSA,"2016-07-08","2016-09-21","5KSA",
5SWQ,"2016-08-08","2016-10-05","5SWQ",
5SWS,"2016-08-08","2016-10-05","5SWS",
5SWZ,"2016-08-09","2016-10-05","5SWZ",
5E6I,"2015-10-09","2016-10-19","5E6I",
5L2K,"2016-08-02","2016-11-16","5L2K",
5L2J,"2016-08-02","2016-11-16","5L2J",
5EUO,"2015-11-18","2016-11-23","5EUO",
5F1I,"2015-11-30","2016-11-30","5F1I",
5F1N,"2015-11-30","2016-11-30","5F1N",
5MEN,"2016-11-16","2016-12-07","5MEN",
5MEP,"2016-11-16","2016-12-07","5MEP",
5MEO,"2016-11-16","2016-12-07","5MEO",
5MER,"2016-11-16","2016-12-07","5MER",
5MEQ,"2016-11-16","2016-12-07","5MEQ",
2NAE,"2015-12-23","2016-12-21","2NAE",
5U17,"2016-11-28","2017-02-08","5U17",
5U2V,"2016-12-01","2017-02-08","5U2V",
5U6Q,"2016-12-08","2017-02-08","5U6Q",
5U72,"2016-12-10","2017-02-08","5U72",
5U16,"2016-11-27","2017-02-15","5U16",
5N1Y,"2017-02-06","2017-02-15","5N1Y",
5ISZ,"2016-03-15","2017-03-01","5ISZ",
5JHD,"2016-04-20","2017-03-01","5JHD",
5U1R,"2016-11-28","2017-03-15","5U1R",
5IVX,"2016-03-21","2017-03-29","5IVX",
5IW1,"2016-03-21","2017-03-29","5IW1",
5M3V,"2016-10-17","2017-05-10","5M3V",
5JZI,"2016-05-16","2017-05-31","5JZI",
5XOT,"2017-05-31","2017-06-14","5XOT",
5XOV,"2017-05-31","2017-06-14","5XOV",
5XOS,"2017-05-31","2017-06-14","5XOS",
5U98,"2016-12-15","2017-07-19","5U98",
5WKF,"2017-07-25","2017-09-20","5WKF",
5WKH,"2017-07-25","2017-09-20","5WKH",
5WJL,"2017-07-23","2017-09-20","5WJL",
5WJN,"2017-07-23","2017-09-20","5WJN",
5TW2,"2016-11-11","2017-09-20","5TW2",
5TW5,"2016-11-11","2017-09-20","5TW5",
5TEZ,"2016-09-23","2017-09-27","5TEZ",
5W1W,"2017-06-05","2017-10-04","5W1W",
5W1V,"2017-06-04","2017-10-04","5W1V",
5N6B,"2017-02-14","2017-10-18","5N6B",
5WJO,"2017-07-24","2017-10-25","5WJO",
5M01,"2016-10-03","2017-10-25","5M01",
5VCL,"2017-03-31","2017-10-25","5VCL",
5WKE,"2017-07-25","2017-11-01","5WKE",
5WKG,"2017-07-25","2017-11-01","5WKG",
5WKI,"2017-07-25","2017-11-01","5WKI",
5WL1,"2017-07-25","2017-11-01","5WL1",
5TJE,"2016-10-04","2017-11-01","5TJE",
5TIL,"2016-10-03","2017-11-01","5TIL",
5XV8,"2017-06-27","2017-11-08","5XV8",
5WLG,"2017-07-26","2017-11-15","5WLG",
5WLI,"2017-07-27","2017-11-15","5WLI",
5NME,"2017-04-05","2017-11-15","5NME",
5NMD,"2017-04-05","2017-11-15","5NMD",
5NMG,"2017-04-05","2017-11-15","5NMG",
5NMF,"2017-04-05","2017-11-15","5NMF",
5NMH,"2017-04-05","2017-11-15","5NMH",
5NMK,"2017-04-06","2017-11-15","5NMK",
5VVR,"2017-05-19","2017-11-22","5VVR",
5VVS,"2017-05-20","2017-11-22","5VVS",
5M00,"2016-10-03","2017-12-20","5M00",
5M02,"2016-10-03","2017-12-20","5M02",
6AT6,"2017-08-28","2018-02-28","6AT6",
6AT5,"2017-08-27","2018-02-28","6AT5",
6AVF,"2017-09-02","2018-02-28","6AVF",
6AVG,"2017-09-02","2018-02-28","6AVG",
6C09,"2017-12-28","2018-03-21","6C09",
6C15,"2018-01-03","2018-03-21","6C15",
5VCJ,"2017-03-31","2018-04-04","5VCJ",
6BNK,"2017-11-16","2018-04-04","6BNK",
6BNL,"2017-11-16","2018-04-04","6BNL",
6FRA,"2018-02-15","2018-04-18","6FRA",
6FR3,"2018-02-15","2018-04-18","6FR3",
6FR5,"2018-02-15","2018-04-18","6FR5",
6FR4,"2018-02-15","2018-04-18","6FR4",
6FR7,"2018-02-15","2018-04-18","6FR7",
6FR6,"2018-02-15","2018-04-18","6FR6",
6FR9,"2018-02-15","2018-04-18","6FR9",
6FR8,"2018-02-15","2018-04-18","6FR8",
6FRC,"2018-02-15","2018-04-18","6FRC",
6FRB,"2018-02-15","2018-04-18","6FRB",
6FUN,"2018-02-27","2018-04-18","6FUN",
6FUM,"2018-02-27","2018-04-18","6FUM",
6FUP,"2018-02-27","2018-04-18","6FUP",
6FUO,"2018-02-27","2018-04-18","6FUO",
6FUR,"2018-02-27","2018-04-18","6FUR",
6FUQ,"2018-02-27","2018-04-18","6FUQ",
6EH9,"2017-09-12","2018-04-18","6EH9",
6EH4,"2017-09-12","2018-04-18","6EH4",
6EH6,"2017-09-12","2018-04-18","6EH6",
6EH5,"2017-09-12","2018-04-18","6EH5",
6EH8,"2017-09-12","2018-04-18","6EH8",
6EH7,"2017-09-12","2018-04-18","6EH7",
5XPV,"2017-06-05","2018-04-18","5XPV",
5XPW,"2017-06-05","2018-04-18","5XPW",
5NHT,"2017-03-22","2018-05-16","5NHT",
5NQK,"2017-04-20","2018-05-30","5NQK",
5WMN,"2017-07-30","2018-06-06","5WMN",
5WMP,"2017-07-30","2018-06-06","5WMP",
5WMO,"2017-07-30","2018-06-06","5WMO",
5WMR,"2017-07-31","2018-06-06","5WMR",
5WMQ,"2017-07-31","2018-06-06","5WMQ",
6CPL,"2018-03-13","2018-06-06","6CPL",
6CPN,"2018-03-13","2018-06-06","6CPN",
6CPO,"2018-03-13","2018-06-06","6CPO",
6CPH,"2018-03-13","2018-06-06","6CPH",
6CQL,"2018-03-15","2018-06-06","6CQL",
6CQN,"2018-03-15","2018-06-06","6CQN",
6CQQ,"2018-03-16","2018-06-06","6CQQ",
6CQR,"2018-03-16","2018-06-06","6CQR",
6CQJ,"2018-03-15","2018-06-06","6CQJ",
6BGA,"2017-10-27","2018-07-18","6BGA",
6BJ8,"2017-11-05","2018-07-25","6BJ8",
6BJ3,"2017-11-03","2018-07-25","6BJ3",
6BJ2,"2017-11-03","2018-07-25","6BJ2",
6AM5,"2017-08-09","2018-08-08","6AM5",
6AMU,"2017-08-11","2018-08-15","6AMU",
6H6A,"2018-07-26","2018-09-26","6H6A",
6EQA,"2017-10-12","2018-10-10","6EQA",
6EQB,"2017-10-12","2018-10-10","6EQB",
6MP1,"2018-10-05","2018-11-07","6MP1",
6MP0,"2018-10-05","2018-11-07","6MP0",
6MFG,"2018-09-10","2018-11-21","6MFG",
6MFF,"2018-09-10","2018-11-21","6MFF",
5YXN,"2017-12-06","2018-12-12","5YXN",
5YXU,"2017-12-07","2018-12-12","5YXU",
6MF8,"2018-09-10","2018-12-12","6MF8",
6MJQ,"2018-09-21","2019-01-09","6MJQ",
6MJJ,"2018-09-21","2019-01-09","6MJJ",
6MJI,"2018-09-20","2019-01-09","6MJI",
6MJA,"2018-09-20","2019-01-09","6MJA",
6MJ4,"2018-09-20","2019-01-09","6MJ4",
6MJ6,"2018-09-20","2019-01-09","6MJ6",
6MIV,"2018-09-20","2019-01-09","6MIV",
6MIY,"2018-09-20","2019-01-09","6MIY",
6CUG,"2018-03-26","2019-01-16","6CUG",
6D64,"2018-04-20","2019-01-16","6D64",
6CUH,"2018-03-26","2019-01-16","6CUH",
6D7G,"2018-04-24","2019-01-23","6D7G",
6C6J,"2018-01-18","2019-01-30","6C6J",
6C6A,"2018-01-18","2019-01-30","6C6A",
6C6C,"2018-01-18","2019-01-30","6C6C",
6C6E,"2018-01-18","2019-01-30","6C6E",
6C6H,"2018-01-18","2019-01-30","6C6H",
6C69,"2018-01-18","2019-01-30","6C69",
6C61,"2018-01-17","2019-01-30","6C61",
6C68,"2018-01-18","2019-01-30","6C68",
6C5M,"2018-01-16","2019-01-30","6C5M",
6ID4,"2018-09-08","2019-02-06","6ID4",
6A6I,"2018-06-28","2019-02-13","6A6I",
6MTL,"2018-10-19","2019-02-13","6MTL",
6MT6,"2018-10-19","2019-02-13","6MT6",
6MT5,"2018-10-19","2019-02-13","6MT5",
6MT4,"2018-10-19","2019-02-13","6MT4",
6MT3,"2018-10-19","2019-02-13","6MT3",
6MTM,"2018-10-19","2019-02-13","6MTM",
6G3J,"2018-03-26","2019-02-20","6G3J",
5ZB2,"2018-02-09","2019-02-27","5ZB2",
5ZXK,"2018-05-21","2019-04-03","5ZXK",
5ZZ3,"2018-05-30","2019-04-03","5ZZ3",
6D78,"2018-04-24","2019-04-03","6D78",
6CWB,"2018-03-30","2019-04-03","6CWB",
6CWE,"2018-03-30","2019-04-03","6CWE",
6CW6,"2018-03-29","2019-04-03","6CW6",
6CW9,"2018-03-30","2019-04-03","6CW9",
6ISM,"2018-11-16","2019-04-03","6ISM",
6ITA,"2018-11-20","2019-04-03","6ITA",
6J06,"2018-12-21","2019-04-03","6J06",
6J0L,"2018-12-24","2019-04-03","6J0L",
6J0G,"2018-12-24","2019-04-03","6J0G",
6J0K,"2018-12-24","2019-04-03","6J0K",
6G1E,"2018-03-21","2019-04-10","6G1E",
6CXF,"2018-04-02","2019-04-10","6CXF",
6CXE,"2018-04-02","2019-04-10","6CXE",
6CXA,"2018-04-02","2019-04-10","6CXA",
6CX5,"2018-04-02","2019-04-10","6CX5",
6CX7,"2018-04-02","2019-04-10","6CX7",
6CX9,"2018-04-02","2019-04-10","6CX9",
6DKP,"2018-05-30","2019-04-10","6DKP",
6DFQ,"2018-05-15","2019-04-17","6DFQ",
6DFS,"2018-05-15","2019-04-17","6DFS",
6DFW,"2018-05-15","2019-04-17","6DFW",
6DFV,"2018-05-15","2019-04-17","6DFV",
6DFX,"2018-05-15","2019-04-17","6DFX",
6G9Q,"2018-04-11","2019-04-24","6G9Q",
6G9R,"2018-04-11","2019-04-24","6G9R",
6DIG,"2018-05-23","2019-05-08","6DIG",
6MKR,"2018-09-26","2019-07-03","6MKR",
6MKD,"2018-09-25","2019-07-03","6MKD",
6MNO,"2018-10-02","2019-07-03","6MNO",
6MNG,"2018-10-01","2019-07-03","6MNG",
6MNN,"2018-10-02","2019-07-03","6MNN",
6MNM,"2018-10-02","2019-07-03","6MNM",
6OOR,"2019-04-23","2019-07-17","6OOR",
6Q3S,"2018-12-04","2019-07-24","6Q3S",
6HBY,"2018-08-13","2019-08-14","6HBY",
6OJP,"2019-04-11","2019-08-21","6OJP",
6OPD,"2019-04-24","2019-09-04","6OPD",
6G3K,"2018-03-26","2019-09-04","6G3K",
6PTB,"2019-07-15","2019-09-04","6PTB",
6PTE,"2019-07-15","2019-09-04","6PTE",
6JXR,"2019-04-24","2019-09-11","6JXR",
6IEX,"2018-09-17","2019-09-18","6IEX",
6MRA,"2018-10-12","2019-09-18","6MRA",
6MSS,"2018-10-18","2019-10-02","6MSS",
6A2B,"2018-06-10","2019-10-23","6A2B",
6NCA,"2018-12-11","2019-10-23","6NCA",
6OVN,"2019-05-08","2019-11-20","6OVN",
6OVO,"2019-05-08","2019-11-20","6OVO",
6KRY,"2019-08-22","2019-12-04","6KRY",
6PBH,"2019-06-13","2019-12-11","6PBH",
6U3M,"2019-08-22","2019-12-18","6U3M",
6U3O,"2019-08-22","2019-12-18","6U3O",
6U3N,"2019-08-22","2019-12-18","6U3N",
6MWR,"2018-10-30","2019-12-18","6MWR",
6NUX,"2019-02-03","2020-01-15","6NUX",
6RPA,"2019-05-14","2020-01-15","6RPA",
6RPB,"2019-05-14","2020-01-15","6RPB",
6RP9,"2019-05-14","2020-01-15","6RP9",
6PX6,"2019-07-24","2020-01-15","6PX6",
6PY2,"2019-07-28","2020-01-15","6PY2",
5QU2,"2019-12-13","2020-02-12","5QU2",
5QU1,"2019-12-13","2020-02-12","5QU1",
5QU4,"2019-12-13","2020-02-12","5QU4",
5QU3,"2019-12-13","2020-02-12","5QU3",
5QU6,"2019-12-13","2020-02-12","5QU6",
5QU5,"2019-12-13","2020-02-12","5QU5",
5QU8,"2019-12-13","2020-02-12","5QU8",
5QU7,"2019-12-13","2020-02-12","5QU7",
5QUA,"2019-12-13","2020-02-12","5QUA",
6PUL,"2019-07-18","2020-02-19","6PUL",
6PUK,"2019-07-18","2020-02-19","6PUK",
6PUM,"2019-07-18","2020-02-19","6PUM",
6PUD,"2019-07-18","2020-02-19","6PUD",
6PUC,"2019-07-18","2020-02-19","6PUC",
6PUF,"2019-07-18","2020-02-19","6PUF",
6PUE,"2019-07-18","2020-02-19","6PUE",
6PUH,"2019-07-18","2020-02-19","6PUH",
6PUG,"2019-07-18","2020-02-19","6PUG",
6PUJ,"2019-07-18","2020-02-19","6PUJ",
6PUI,"2019-07-18","2020-02-19","6PUI",
6R2L,"2019-03-18","2020-02-26","6R2L",
6JQ2,"2019-03-28","2020-04-01","6JQ2",
6PVD,"2019-07-20","2020-04-01","6PVD",
6PVC,"2019-07-20","2020-04-01","6PVC",
6RSY,"2019-05-22","2020-04-15","6RSY",
6U07,"2019-08-13","2020-04-15","6U07",
6JTP,"2019-04-11","2020-04-15","6JTP",
6JTN,"2019-04-11","2020-04-15","6JTN",
6Q42,"2018-12-05","2020-04-15","6Q42",
6OMG,"2019-04-18","2020-04-22","6OMG",
6JQ3,"2019-03-28","2020-05-06","6JQ3",
6ULI,"2019-10-08","2020-05-27","6ULI",
6ULK,"2019-10-08","2020-05-27","6ULK",
6ULN,"2019-10-08","2020-05-27","6ULN",
6ULR,"2019-10-08","2020-05-27","6ULR",
6UON,"2019-10-15","2020-05-27","6UON",
6P64,"2019-05-31","2020-06-03","6P64",
6VR1,"2020-02-06","2020-06-10","6VR1",
6VQO,"2020-02-05","2020-06-17","6VQO",
6VRM,"2020-02-08","2020-06-17","6VRM",
6VRN,"2020-02-08","2020-06-17","6VRN",
6VR5,"2020-02-06","2020-06-17","6VR5",
6VTH,"2020-02-12","2020-06-17","6VTH",
6VTC,"2020-02-12","2020-06-17","6VTC",
6TRO,"2019-12-19","2020-06-24","6TRO",
6TRN,"2019-12-19","2020-06-24","6TRN",
6M24,"2020-02-26","2020-07-08","6M24",
6M2K,"2020-02-27","2020-07-08","6M2K",
6M2J,"2020-02-27","2020-07-08","6M2J",
6SSA,"2019-09-06","2020-07-15","6SSA",
6SS7,"2019-09-06","2020-07-15","6SS7",
6SS9,"2019-09-06","2020-07-15","6SS9",
6SS8,"2019-09-06","2020-07-15","6SS8",
6R0E,"2019-03-12","2020-07-15","6R0E",
6QZA,"2019-03-11","2020-07-15","6QZA",
6QZD,"2019-03-11","2020-07-15","6QZD",
6QZC,"2019-03-11","2020-07-15","6QZC",
6VMX,"2020-01-28","2020-07-29","6VMX",
6W9U,"2020-03-23","2020-08-05","6W9U",
6W9V,"2020-03-23","2020-08-05","6W9V",
6XQQ,"2020-07-10","2020-08-19","6XQQ",
6XQP,"2020-07-10","2020-08-26","6XQP",
6V80,"2019-12-10","2020-09-16","6V80",
6X00,"2020-05-14","2020-09-16","6X00",
6WZY,"2020-05-14","2020-09-16","6WZY",
6TMO,"2019-12-05","2020-10-07","6TMO",
6YHZ,"2020-03-31","2020-10-21","6YHZ",
6YI2,"2020-03-31","2020-10-21","6YI2",
6UZ1,"2019-11-14","2020-10-28","6UZ1",
6L9L,"2019-11-10","2020-11-18","6L9L",
6L9K,"2019-11-10","2020-11-18","6L9K",
6L9N,"2019-11-10","2020-11-18","6L9N",
6L9M,"2019-11-10","2020-11-18","6L9M",
6LIR,"2019-12-12","2020-11-18","6LIR",
6V1A,"2019-11-20","2020-11-25","6V1A",
6V0Y,"2019-11-19","2020-11-25","6V0Y",
6V19,"2019-11-20","2020-11-25","6V19",
6V13,"2019-11-19","2020-11-25","6V13",
6V15,"2019-11-19","2020-11-25","6V15",
6V18,"2019-11-20","2020-11-25","6V18",
6VM8,"2020-01-27","2020-11-25","6VM8",
6ZCJ,"2020-06-11","2020-12-02","6ZCJ",
6LHG,"2019-12-08","2020-12-09","6LHG",
6LHF,"2019-12-08","2020-12-09","6LHF",
6LHH,"2019-12-08","2020-12-09","6LHH",
7KGQ,"2020-10-18","2021-01-20","7KGQ",
7KGR,"2020-10-18","2021-01-20","7KGR",
7KGO,"2020-10-18","2021-01-20","7KGO",
7KGP,"2020-10-18","2021-01-20","7KGP",
7KGS,"2020-10-18","2021-01-20","7KGS",
7KGT,"2020-10-18","2021-01-20","7KGT",
6VMA,"2020-01-27","2021-01-20","6VMA",
6VMC,"2020-01-27","2021-01-20","6VMC",
6VM7,"2020-01-27","2021-01-20","6VM7",
6VM9,"2020-01-27","2021-01-20","6VM9",
6X2N,"2020-05-20","2021-02-03","6X2N",
6X2F,"2020-05-20","2021-02-03","6X2F",
6X26,"2020-05-20","2021-02-03","6X26",
6X50,"2020-05-24","2021-02-03","6X50",
6X43,"2020-05-22","2021-02-03","6X43",
6X4W,"2020-05-24","2021-02-03","6X4W",
6X4Y,"2020-05-24","2021-02-03","6X4Y",
7L25,"2020-12-16","2021-03-17","7L25",
7L26,"2020-12-16","2021-03-17","7L26",
7L24,"2020-12-16","2021-03-17","7L24",
7L15,"2020-12-14","2021-03-24","7L15",
7K0Z,"2020-09-06","2021-03-24","7K0Z",
7K0X,"2020-09-06","2021-03-24","7K0X",
7BYD,"2020-04-22","2021-03-31","7BYD",
7M0L,"2021-03-11","2021-04-07","7M0L",
7M0M,"2021-03-11","2021-04-07","7M0M",
7M0K,"2021-03-11","2021-04-07","7M0K",
6XQA,"2020-07-09","2021-04-14","6XQA",
7JYX,"2020-09-01","2021-04-14","7JYX",
7JYV,"2020-09-01","2021-04-14","7JYV",
7JYW,"2020-09-01","2021-04-14","7JYW",
7JYU,"2020-09-01","2021-04-14","7JYU",
7LGD,"2021-01-20","2021-04-21","7LGD",
7LGT,"2021-01-21","2021-04-21","7LGT",
7KOZ,"2020-11-10","2021-05-05","7KOZ",
7KP0,"2020-11-10","2021-05-05","7KP0",
7KP1,"2020-11-10","2021-05-05","7KP1",
7DC6,"2020-10-23","2021-06-16","7DC6",
7M8T,"2021-03-30","2021-06-23","7M8T",
7M8U,"2021-03-30","2021-06-23","7M8U",
7M8S,"2021-03-30","2021-06-23","7M8S",
7JWJ,"2020-08-25","2021-07-07","7JWJ",
7JWI,"2020-08-25","2021-07-07","7JWI",
7N1D,"2021-05-27","2021-07-28","7N1D",
7N1E,"2021-05-27","2021-07-28","7N1E",
7N1C,"2021-05-27","2021-07-28","7N1C",
7N1F,"2021-05-27","2021-07-28","7N1F",
7N6E,"2021-06-08","2021-07-28","7N6E",
7N6D,"2021-06-08","2021-07-28","7N6D",
6XP6,"2020-07-08","2021-07-28","6XP6",
